��ѡһ,
�̳Ƕ�����,�û�openID
1000325380,
1000287264,
1000287264,
1000287265,
1000287266,
1000287267,
1000287268,
1000287269,
1000287270,
1000287271,
1000287272,
1000287273,
1000287274,
1000287275,
1000287276,
1000287277,
1000287278,
1000287279,
1000287280,
1000287281,
1000287282,
1000287283,
1000287284,
1000287285,
1000287286,
1000287287,
1000287288,
1000287289,
1000287290,
1000287291,
1000287292,
1000287293,
1000287294,
1000287295,
1000287296,
1000287297,
1000287298,
1000287299,
1000287300,
1000287301,
1000287302,
1000287303,
1000287304,
1000287305,
1000287306,
1000287307,
1000287308,
1000287309,
1000287310,
1000287311,
1000287312,
1000287313,
1000287314,
1000287315,
1000287316,
1000287317,
1000287318,
1000287319,
1000287320,
1000287321,
1000287322,
1000287323,
1000287324,
1000287325,
1000287326,
1000287327,
1000287328,
1000287329,
1000287330,
1000287331,
1000287332,
1000287333,
1000287333,
1000287334,
1000287335,
1000287336,
1000287337,
1000287338,
1000287339,
1000287340,
1000287341,
1000287342,
1000287343,
1000287344,
1000287345,
1000287346,
1000287347,
1000287348,
1000287349,
1000287350,
1000287351,
1000287352,
1000287353,
1000287354,
1000287355,
1000287356,
1000287357,
1000287358,
1000287359,
1000287360,
1000287361,
1000287362,
1000287363,
1000287364,
1000287365,
1000287366,
1000287367,
1000287368,
1000287369,
1000287370,
1000287371,
1000287372,
1000287373,
1000287374,
1000287375,
1000287376,
1000287377,
1000287378,
1000287379,
1000287380,
1000287381,
1000287382,
1000287383,
1000287384,
1000287385,
1000287386,
1000287387,
1000287388,
1000287389,
1000287390,
1000287391,
1000287392,
1000287393,
1000287394,
1000287395,
1000287396,
1000287397,
1000287398,
1000287399,
1000287400,
1000287401,
1000287402,
1000287403,
1000287404,
1000287405,
1000287406,
1000287407,
1000287408,
1000287409,
1000287410,
1000287411,
1000287412,
1000287413,
1000287414,
1000287415,
1000287416,
1000287417,
1000287418,
1000287419,
1000287420,
1000287421,
1000287422,
1000287423,
1000287424,
1000287425,
1000287426,
1000287427,
1000287428,
1000287429,
1000287430,
1000287431,
1000287432,
1000287433,
1000287434,
1000287435,
1000287436,
1000287437,
1000287438,
1000287439,
1000287440,
1000287440,
1000287441,
1000287442,
1000287443,
1000287444,
1000287445,
1000287446,
1000287447,
1000287448,
1000287449,
1000287450,
1000287451,
1000287452,
1000287453,
1000287454,
1000287455,
1000287456,
1000287457,
1000287458,
1000287459,
1000287460,
1000287461,
1000287462,
1000287463,
1000287464,
1000287465,
1000287466,
1000287467,
1000287468,
1000287469,
1000287470,
1000287471,
1000287472,
1000287473,
1000287474,
1000287475,
1000287476,
1000287477,
1000287478,
1000287479,
1000287480,
1000287481,
1000287482,
1000287483,
1000287484,
1000287485,
1000287486,
1000287487,
1000287488,
1000287489,
1000287490,
1000287491,
1000287492,
1000287493,
1000287494,
1000287495,
1000287496,
1000287497,
1000287498,
1000287499,
1000287500,
1000287501,
1000287502,
1000287503,
1000287504,
1000287505,
1000287506,
1000287507,
1000287508,
1000287509,
1000287510,
1000287511,
1000287512,
1000287513,
1000287514,
1000287515,
1000287516,
1000287517,
1000287518,
1000287519,
1000287520,
1000287521,
1000287522,
1000287523,
1000287524,
1000287525,
1000287526,
1000287527,
1000287528,
1000287529,
1000287530,
1000287531,
1000287532,
1000287533,
1000287534,
1000287535,
1000287536,
1000287537,
1000287538,
1000287539,
1000287540,
1000287541,
1000287542,
1000287543,
1000287544,
1000287545,
1000287546,
1000287547,
1000287548,
1000287548,
1000287549,
1000287550,
1000287551,
1000287552,
1000287553,
1000287554,
1000287555,
1000287556,
1000287557,
1000287558,
1000287559,
1000287560,
1000287561,
1000287562,
1000287563,
1000287564,
1000287565,
1000287566,
1000287567,
1000287568,
1000287569,
1000287570,
1000287571,
1000287572,
1000287573,
1000287574,
1000287575,
1000287576,
1000287577,
1000287578,
1000287579,
1000287580,
1000287581,
1000287582,
1000287583,
1000287584,
1000287585,
1000287586,
1000287587,
1000287588,
1000287589,
1000287590,
1000287591,
1000287592,
1000287593,
1000287594,
1000287595,
1000287596,
1000287597,
1000287598,
1000287599,
1000287600,
1000287601,
1000287602,
1000287603,
1000287604,
1000287605,
1000287606,
1000287607,
1000287608,
1000287609,
1000287610,
1000287611,
1000287612,
1000287613,
1000287614,
1000287615,
1000287616,
1000287617,
1000287618,
1000287619,
1000287620,
1000287621,
1000287622,
1000287623,
1000287624,
1000287625,
1000287626,
1000287627,
1000287628,
1000287629,
1000287630,
1000287631,
1000287632,
1000287633,
1000287634,
1000287635,
1000287636,
1000287637,
1000287638,
1000287639,
1000287640,
1000287641,
1000287642,
1000287643,
1000287644,
1000287645,
1000287646,
1000287647,
1000287648,
1000287649,
1000287650,
1000287651,
1000287652,
1000287653,
1000287654,
1000287655,
1000287655,
1000287656,
1000287657,
1000287658,
1000287659,
1000287660,
1000287661,
1000287662,
1000287663,
1000287664,
1000287665,
1000287666,
1000287667,
1000287668,
1000287669,
1000287670,
1000287671,
1000287672,
1000287673,
1000287674,
1000287675,
1000287676,
1000287677,
1000287678,
1000287679,
1000287680,
1000287681,
1000287682,
1000287683,
1000287684,
1000287685,
1000287686,
1000287687,
1000287688,
1000287689,
1000287690,
1000287691,
1000287692,
1000287693,
1000287694,
1000287695,
1000287696,
1000287697,
1000287698,
1000287699,
1000287700,
1000287701,
1000287702,
1000287703,
1000287704,
1000287705,
1000287706,
1000287707,
1000287708,
1000287709,
1000287710,
1000287711,
1000287712,
1000287713,
1000287714,
1000287715,
1000287716,
1000287717,
1000287718,
1000287719,
1000287720,
1000287721,
1000287722,
1000287723,
1000287724,
1000287725,
1000287726,
1000287727,
1000287728,
1000287729,
1000287730,
1000287731,
1000287732,
1000287733,
1000287734,
1000287735,
1000287736,
1000287737,
1000287738,
1000287739,
1000287740,
1000287741,
1000287742,
1000287743,
1000287744,
1000287745,
1000287746,
1000287747,
1000287748,
1000287749,
1000287750,
1000287751,
1000287752,
1000287753,
1000287754,
1000287755,
1000287756,
1000287757,
1000287758,
1000287759,
1000287760,
1000287761,
1000287762,
1000287762,
1000287763,
1000287764,
1000287765,
1000287766,
1000287767,
1000287768,
1000287769,
1000287770,
1000287771,
1000287772,
1000287773,
1000287774,
1000287775,
1000287776,
1000287777,
1000287778,
1000287779,
1000287780,
1000287781,
1000287782,
1000287783,
1000287784,
1000287785,
1000287786,
1000287787,
1000287788,
1000287789,
1000287790,
1000287791,
1000287792,
1000287793,
1000287794,
1000287795,
1000287796,
1000287797,
1000287798,
1000287799,
1000287800,
1000287801,
1000287802,
1000287803,
1000287804,
1000287805,
1000287806,
1000287807,
1000287808,
1000287809,
1000287810,
1000287811,
1000287812,
1000287813,
1000287814,
1000287815,
1000287816,
1000287817,
1000287818,
1000287819,
1000287820,
1000287821,
1000287822,
1000287823,
1000287824,
1000287825,
1000287826,
1000287827,
1000287828,
1000287829,
1000287830,
1000287831,
1000287832,
1000287833,
1000287834,
1000287835,
1000287836,
1000287837,
1000287838,
1000287839,
1000287840,
1000287841,
1000287842,
1000287843,
1000287844,
1000287845,
1000287846,
1000287847,
1000287848,
1000287849,
1000287850,
1000287851,
1000287852,
1000287853,
1000287854,
1000287855,
1000287856,
1000287857,
1000287858,
1000287859,
1000287860,
1000287861,
1000287862,
1000287863,
1000287864,
1000287865,
1000287866,
1000287867,
1000287868,
1000287869,
1000287870,
1000287870,
1000287871,
1000287872,
1000287873,
1000287874,
1000287875,
1000287876,
1000287877,
1000287878,
1000287879,
1000287880,
1000287881,
1000287882,
1000287883,
1000287884,
1000287885,
1000287886,
1000287887,
1000287888,
1000287889,
1000287890,
1000287891,
1000287892,
1000287893,
1000287894,
1000287895,
1000287896,
1000287897,
1000287898,
1000287899,
1000287900,
1000287901,
1000287902,
1000287903,
1000287904,
1000287905,
1000287906,
1000287907,
1000287908,
1000287909,
1000287910,
1000287911,
1000287912,
1000287913,
1000287914,
1000287915,
1000287916,
1000287917,
1000287918,
1000287919,
1000287920,
1000287921,
1000287922,
1000287923,
1000287924,
1000287925,
1000287926,
1000287927,
1000287928,
1000287929,
1000287930,
1000287931,
1000287932,
1000287933,
1000287934,
1000287935,
1000287936,
1000287937,
1000287938,
1000287939,
1000287940,
1000287941,
1000287942,
1000287943,
1000287944,
1000287945,
1000287946,
1000287947,
1000287948,
1000287949,
1000287950,
1000287951,
1000287952,
1000287953,
1000287954,
1000287955,
1000287956,
1000287957,
1000287958,
1000287959,
1000287960,
1000287961,
1000287962,
1000287963,
1000287964,
1000287965,
1000287966,
1000287967,
1000287968,
1000287969,
1000287970,
1000287971,
1000287972,
1000287973,
1000287974,
1000287975,
1000287976,
1000287977,
1000287977,
1000287978,
1000287979,
1000287980,
1000287981,
1000287982,
1000287983,
1000287984,
1000287985,
1000287986,
1000287987,
1000287988,
1000287989,
1000287990,
1000287991,
1000287992,
1000287993,
1000287994,
1000287995,
1000287996,
1000287997,
1000287998,
1000287999,
1000288000,
1000288001,
1000288002,
1000288003,
1000288004,
1000288005,
1000288006,
1000288007,
1000288008,
1000288009,
1000288010,
1000288011,
1000288012,
1000288013,
1000288014,
1000288015,
1000288016,
1000288017,
1000288018,
1000288019,
1000288020,
1000288021,
1000288022,
1000288023,
1000288024,
1000288025,
1000288026,
1000288027,
1000288028,
1000288029,
1000288030,
1000288031,
1000288032,
1000288033,
1000288034,
1000288035,
1000288036,
1000288037,
1000288038,
1000288039,
1000288040,
1000288041,
1000288042,
1000288043,
1000288044,
1000288045,
1000288046,
1000288047,
1000288048,
1000288049,
1000288050,
1000288051,
1000288052,
1000288053,
1000288054,
1000288055,
1000288056,
1000288057,
1000288058,
1000288059,
1000288060,
1000288061,
1000288062,
1000288063,
1000288064,
1000288065,
1000288066,
1000288067,
1000288068,
1000288069,
1000288070,
1000288071,
1000288072,
1000288073,
1000288074,
1000288075,
1000288076,
1000288077,
1000288078,
1000288079,
1000288080,
1000288081,
1000288082,
1000288083,
1000288084,
1000288084,
1000288085,
1000288086,
1000288087,
1000288088,
1000288089,
1000288090,
1000288091,
1000288092,
1000288093,
1000288094,
1000288095,
1000288096,
1000288097,
1000288098,
1000288099,
1000288100,
1000288101,
1000288102,
1000288103,
1000288104,
1000288105,
1000288106,
1000288107,
1000288108,
1000288109,
1000288110,
1000288111,
1000288112,
1000288113,
1000288114,
1000288115,
1000288116,
1000288117,
1000288118,
1000288119,
1000288120,
1000288121,
1000288122,
1000288123,
1000288124,
1000288125,
1000288126,
1000288127,
1000288128,
1000288129,
1000288130,
1000288131,
1000288132,
1000288133,
1000288134,
1000288135,
1000288136,
1000288137,
1000288138,
1000288139,
1000288140,
1000288141,
1000288142,
1000288143,
1000288144,
1000288145,
1000288146,
1000288147,
1000288148,
1000288149,
1000288150,
1000288151,
1000288152,
1000288153,
1000288154,
1000288155,
1000288156,
1000288157,
1000288158,
1000288159,
1000288160,
1000288161,
1000288162,
1000288163,
1000288164,
1000288165,
1000288166,
1000288167,
1000288168,
1000288169,
1000288170,
1000288171,
1000288172,
1000288173,
1000288174,
1000288175,
1000288176,
1000288177,
1000288178,
1000288179,
1000288180,
1000288181,
1000288182,
1000288183,
1000288184,
1000288185,
1000288186,
1000288187,
1000288188,
1000288189,
1000288190,
1000288191,
1000288192,
1000288192,
1000288193,
1000288194,
1000288195,
1000288196,
1000288197,
1000288198,
1000288199,
1000288200,
1000288201,
1000288202,
1000288203,
1000288204,
1000288205,
1000288206,
1000288207,
1000288208,
1000288209,
1000288210,
1000288211,
1000288212,
1000288213,
1000288214,
1000288215,
1000288216,
1000288217,
1000288218,
1000288219,
1000288220,
1000288221,
1000288222,
1000288223,
1000288224,
1000288225,
1000288226,
1000288227,
1000288228,
1000288229,
1000288230,
1000288231,
1000288232,
1000288233,
1000288234,
1000288235,
1000288236,
1000288237,
1000288238,
1000288239,
1000288240,
1000288241,
1000288242,
1000288243,
1000288244,
1000288245,
1000288246,
1000288247,
1000288248,
1000288249,
1000288250,
1000288251,
1000288252,
1000288253,
1000288254,
1000288255,
1000288256,
1000288257,
1000288258,
1000288259,
1000288260,
1000288261,
1000288262,
1000288263,
1000288264,
1000288265,
1000288266,
1000288267,
1000288268,
1000288269,
1000288270,
1000288271,
1000288272,
1000288273,
1000288274,
1000288275,
1000288276,
1000288277,
1000288278,
1000288279,
1000288280,
1000288281,
1000288282,
1000288283,
1000288284,
1000288285,
1000288286,
1000288287,
1000288288,
1000288289,
1000288290,
1000288291,
1000288292,
1000288293,
1000288294,
1000288295,
1000288296,
1000288297,
1000288298,
1000288299,
1000288299,
1000288300,
1000288301,
1000288302,
1000288303,
1000288304,
1000288305,
1000288306,
1000288307,
1000288308,
1000288309,
1000288310,
1000288311,
1000288312,
1000288313,
1000288314,
1000288315,
1000288316,
1000288317,
1000288318,
1000288319,
1000288320,
1000288321,
1000288322,
1000288323,
1000288324,
1000288325,
1000288326,
1000288327,
1000288328,
1000288329,
1000288330,
1000288331,
1000288332,
1000288333,
1000288334,
1000288335,
1000288336,
1000288337,
1000288338,
1000288339,
1000288340,
1000288341,
1000288342,
1000288343,
1000288344,
1000288345,
1000288346,
1000288347,
1000288348,
1000288349,
1000288350,
1000288351,
1000288352,
1000288353,
1000288354,
1000288355,
1000288356,
1000288357,
1000288358,
1000288359,
1000288360,
1000288361,
1000288362,
1000288363,
1000288364,
1000288365,
1000288366,
1000288367,
1000288368,
1000288369,
1000288370,
1000288371,
1000288372,
1000288373,
1000288374,
1000288375,
1000288376,
1000288377,
1000288378,
1000288379,
1000288380,
1000288381,
1000288382,
1000288383,
1000288384,
1000288385,
1000288386,
1000288387,
1000288388,
1000288389,
1000288390,
1000288391,
1000288392,
1000288393,
1000288394,
1000288395,
1000288396,
1000288397,
1000288398,
1000288399,
1000288400,
1000288401,
1000288402,
1000288403,
1000288404,
1000288405,
1000288406,
1000288406,
1000288407,
1000288408,
1000288409,
1000288410,
1000288411,
1000288412,
1000288413,
1000288414,
1000288415,
1000288416,
1000288417,
1000288418,
1000288419,
1000288420,
1000288421,
1000288422,
1000288423,
1000288424,
1000288425,
1000288426,
1000288427,
1000288428,
1000288429,
1000288430,
1000288431,
1000288432,
1000288433,
1000288434,
1000288435,
1000288436,
1000288437,
1000288438,
1000288439,
1000288440,
1000288441,
1000288442,
1000288443,
1000288444,
1000288445,
1000288446,
1000288447,
1000288448,
1000288449,
1000288450,
1000288451,
1000288452,
1000288453,
1000288454,
1000288455,
1000288456,
1000288457,
1000288458,
1000288459,
1000288460,
1000288461,
1000288462,
1000288463,
1000288464,
1000288465,
1000288466,
1000288467,
1000288468,
1000288469,
1000288470,
1000288471,
1000288472,
1000288473,
1000288474,
1000288475,
1000288476,
1000288477,
1000288478,
1000288479,
1000288480,
1000288481,
1000288482,
1000288483,
1000288484,
1000288485,
1000288486,
1000288487,
1000288488,
1000288489,
1000288490,
1000288491,
1000288492,
1000288493,
1000288494,
1000288495,
1000288496,
1000288497,
1000288498,
1000288499,
1000288500,
1000288501,
1000288502,
1000288503,
1000288504,
1000288505,
1000288506,
1000288507,
1000288508,
1000288509,
1000288510,
1000288511,
1000288512,
1000288513,
1000288514,
1000288514,
1000288515,
1000288516,
1000288517,
1000288518,
1000288519,
1000288520,
1000288521,
1000288522,
1000288523,
1000288524,
1000288525,
1000288526,
1000288527,
1000288528,
1000288529,
1000288530,
1000288531,
1000288532,
1000288533,
1000288534,
1000288535,
1000288536,
1000288537,
1000288538,
1000288539,
1000288540,
1000288541,
1000288542,
1000288543,
1000288544,
1000288545,
1000288546,
1000288547,
1000288548,
1000288549,
1000288550,
1000288551,
1000288552,
1000288553,
1000288554,
1000288555,
1000288556,
1000288557,
1000288558,
1000288559,
1000288560,
1000288561,
1000288562,
1000288563,
1000288564,
1000288565,
1000288566,
1000288567,
1000288568,
1000288569,
1000288570,
1000288571,
1000288572,
1000288573,
1000288574,
1000288575,
1000288576,
1000288577,
1000288578,
1000288579,
1000288580,
1000288581,
1000288582,
1000288583,
1000288584,
1000288585,
1000288586,
1000288587,
1000288588,
1000288589,
1000288590,
1000288591,
1000288592,
1000288593,
1000288594,
1000288595,
1000288596,
1000288597,
1000288598,
1000288599,
1000288600,
1000288601,
1000288602,
1000288603,
1000288604,
1000288605,
1000288606,
1000288607,
1000288608,
1000288609,
1000288610,
1000288611,
1000288612,
1000288613,
1000288614,
1000288615,
1000288616,
1000288617,
1000288618,
1000288619,
1000288620,
1000288621,
1000288621,
1000288622,
1000288623,
1000288624,
1000288625,
1000288626,
1000288627,
1000288628,
1000288629,
1000288630,
1000288631,
1000288632,
1000288633,
1000288634,
1000288635,
1000288636,
1000288637,
1000288638,
1000288639,
1000288640,
1000288641,
1000288642,
1000288643,
1000288644,
1000288645,
1000288646,
1000288647,
1000288648,
1000288649,
1000288650,
1000288651,
1000288652,
1000288653,
1000288654,
1000288655,
1000288656,
1000288657,
1000288658,
1000288659,
1000288660,
1000288661,
1000288662,
1000288663,
1000288664,
1000288665,
1000288666,
1000288667,
1000288668,
1000288669,
1000288670,
1000288671,
1000288672,
1000288673,
1000288674,
1000288675,
1000288676,
1000288677,
1000288678,
1000288679,
1000288680,
1000288681,
1000288682,
1000288683,
1000288684,
1000288685,
1000288686,
1000288687,
1000288688,
1000288689,
1000288690,
1000288691,
1000288692,
1000288693,
1000288694,
1000288695,
1000288696,
1000288697,
1000288698,
1000288699,
1000288700,
1000288701,
1000288702,
1000288703,
1000288704,
1000288705,
1000288706,
1000288707,
1000288708,
1000288709,
1000288710,
1000288711,
1000288712,
1000288713,
1000288714,
1000288715,
1000288716,
1000288717,
1000288718,
1000288719,
1000288720,
1000288721,
1000288722,
1000288723,
1000288724,
1000288725,
1000288726,
1000288727,
1000288728,
1000288728,
1000288729,
1000288730,
1000288731,
1000288732,
1000288733,
1000288734,
1000288735,
1000288736,
1000288737,
1000288738,
1000288739,
1000288740,
1000288741,
1000288742,
1000288743,
1000288744,
1000288745,
1000288746,
1000288747,
1000288748,
1000288749,
1000288750,
1000288751,
1000288752,
1000288753,
1000288754,
1000288755,
1000288756,
1000288757,
1000288758,
1000288759,
1000288760,
1000288761,
1000288762,
1000288763,
1000288764,
1000288765,
1000288766,
1000288767,
1000288768,
1000288769,
1000288770,
1000288771,
1000288772,
1000288773,
1000288774,
1000288775,
1000288776,
1000288777,
1000288778,
1000288779,
1000288780,
1000288781,
1000288782,
1000288783,
1000288784,
1000288785,
1000288786,
1000288787,
1000288788,
1000288789,
1000288790,
1000288791,
1000288792,
1000288793,
1000288794,
1000288795,
1000288796,
1000288797,
1000288798,
1000288799,
1000288800,
1000288801,
1000288802,
1000288803,
1000288804,
1000288805,
1000288806,
1000288807,
1000288808,
1000288809,
1000288810,
1000288811,
1000288812,
1000288813,
1000288814,
1000288815,
1000288816,
1000288817,
1000288818,
1000288819,
1000288820,
1000288821,
1000288822,
1000288823,
1000288824,
1000288825,
1000288826,
1000288827,
1000288828,
1000288829,
1000288830,
1000288831,
1000288832,
1000288833,
1000288834,
1000288835,
1000288836,
1000288836,
1000288837,
1000288838,
1000288839,
1000288840,
1000288841,
1000288842,
1000288843,
1000288844,
1000288845,
1000288846,
1000288847,
1000288848,
1000288849,
1000288850,
1000288851,
1000288852,
1000288853,
1000288854,
1000288855,
1000288856,
1000288857,
1000288858,
1000288859,
1000288860,
1000288861,
1000288862,
1000288863,
1000288864,
1000288865,
1000288866,
1000288867,
1000288868,
1000288869,
1000288870,
1000288871,
1000288872,
1000288873,
1000288874,
1000288875,
1000288876,
1000288877,
1000288878,
1000288879,
1000288880,
1000288881,
1000288882,
1000288883,
1000288884,
1000288885,
1000288886,
1000288887,
1000288888,
1000288889,
1000288890,
1000288891,
1000288892,
1000288893,
1000288894,
1000288895,
1000288896,
1000288897,
1000288898,
1000288899,
1000288900,
1000288901,
1000288902,
1000288903,
1000288904,
1000288905,
1000288906,
1000288907,
1000288908,
1000288909,
1000288910,
1000288911,
1000288912,
1000288913,
1000288914,
1000288915,
1000288916,
1000288917,
1000288918,
1000288919,
1000288920,
1000288921,
1000288922,
1000288923,
1000288924,
1000288925,
1000288926,
1000288927,
1000288928,
1000288929,
1000288930,
1000288931,
1000288932,
1000288933,
1000288934,
1000288935,
1000288936,
1000288937,
1000288938,
1000288939,
1000288940,
1000288941,
1000288942,
1000288943,
1000288943,
1000288944,
1000288945,
1000288946,
1000288947,
1000288948,
1000288949,
1000288950,
1000288951,
1000288952,
1000288953,
1000288954,
1000288955,
1000288956,
1000288957,
1000288958,
1000288959,
1000288960,
1000288961,
1000288962,
1000288963,
1000288964,
1000288965,
1000288966,
1000288967,
1000288968,
1000288969,
1000288970,
1000288971,
1000288972,
1000288973,
1000288974,
1000288975,
1000288976,
1000288977,
1000288978,
1000288979,
1000288980,
1000288981,
1000288982,
1000288983,
1000288984,
1000288985,
1000288986,
1000288987,
1000288988,
1000288989,
1000288990,
1000288991,
1000288992,
1000288993,
1000288994,
1000288995,
1000288996,
1000288997,
1000288998,
1000288999,
1000289000,
1000289001,
1000289002,
1000289003,
1000289004,
1000289005,
1000289006,
1000289007,
1000289008,
1000289009,
1000289010,
1000289011,
1000289012,
1000289013,
1000289014,
1000289015,
1000289016,
1000289017,
1000289018,
1000289019,
1000289020,
1000289021,
1000289022,
1000289023,
1000289024,
1000289025,
1000289026,
1000289027,
1000289028,
1000289029,
1000289030,
1000289031,
1000289032,
1000289033,
1000289034,
1000289035,
1000289036,
1000289037,
1000289038,
1000289039,
1000289040,
1000289041,
1000289042,
1000289043,
1000289044,
1000289045,
1000289046,
1000289047,
1000289048,
1000289049,
1000289050,
1000289050,
1000289051,
1000289052,
1000289053,
1000289054,
1000289055,
1000289056,
1000289057,
1000289058,
1000289059,
1000289060,
1000289061,
1000289062,
1000289063,
1000289064,
1000289065,
1000289066,
1000289067,
1000289068,
1000289069,
1000289070,
1000289071,
1000289072,
1000289073,
1000289074,
1000289075,
1000289076,
1000289077,
1000289078,
1000289079,
1000289080,
1000289081,
1000289082,
1000289083,
1000289084,
1000289085,
1000289086,
1000289087,
1000289088,
1000289089,
1000289090,
1000289091,
1000289092,
1000289093,
1000289094,
1000289095,
1000289096,
1000289097,
1000289098,
1000289099,
1000289100,
1000289101,
1000289102,
1000289103,
1000289104,
1000289105,
1000289106,
1000289107,
1000289108,
1000289109,
1000289110,
1000289111,
1000289112,
1000289113,
1000289114,
1000289115,
1000289116,
1000289117,
1000289118,
1000289119,
1000289120,
1000289121,
1000289122,
1000289123,
1000289124,
1000289125,
1000289126,
1000289127,
1000289128,
1000289129,
1000289130,
1000289131,
1000289132,
1000289133,
1000289134,
1000289135,
1000289136,
1000289137,
1000289138,
1000289139,
1000289140,
1000289141,
1000289142,
1000289143,
1000289144,
1000289145,
1000289146,
1000289147,
1000289148,
1000289149,
1000289150,
1000289151,
1000289152,
1000289153,
1000289154,
1000289155,
1000289156,
1000289157,
1000289158,
1000289158,
1000289159,
1000289160,
1000289161,
1000289162,
1000289163,
1000289164,
1000289165,
1000289166,
1000289167,
1000289168,
1000289169,
1000289170,
1000289171,
1000289172,
1000289173,
1000289174,
1000289175,
1000289176,
1000289177,
1000289178,
1000289179,
1000289180,
1000289181,
1000289182,
1000289183,
1000289184,
1000289185,
1000289186,
1000289187,
1000289188,
1000289189,
1000289190,
1000289191,
1000289192,
1000289193,
1000289194,
1000289195,
1000289196,
1000289197,
1000289198,
1000289199,
1000289200,
1000289201,
1000289202,
1000289203,
1000289204,
1000289205,
1000289206,
1000289207,
1000289208,
1000289209,
1000289210,
1000289211,
1000289212,
1000289213,
1000289214,
1000289215,
1000289216,
1000289217,
1000289218,
1000289219,
1000289220,
1000289221,
1000289222,
1000289223,
1000289224,
1000289225,
1000289226,
1000289227,
1000289228,
1000289229,
1000289230,
1000289231,
1000289232,
1000289233,
1000289234,
1000289235,
1000289236,
1000289237,
1000289238,
1000289239,
1000289240,
1000289241,
1000289242,
1000289243,
1000289244,
1000289245,
1000289246,
1000289247,
1000289248,
1000289249,
1000289250,
1000289251,
1000289252,
1000289253,
1000289254,
1000289255,
1000289256,
1000289257,
1000289258,
1000289259,
1000289260,
1000289261,
1000289262,
1000289263,
1000289264,
1000289265,
1000289265,
1000289266,
1000289267,
1000289268,
1000289269,
1000289270,
1000289271,
1000289272,
1000289273,
1000289274,
1000289275,
1000289276,
1000289277,
1000289278,
1000289279,
1000289280,
1000289281,
1000289282,
1000289283,
1000289284,
1000289285,
1000289286,
1000289287,
1000289288,
1000289289,
1000289290,
1000289291,
1000289292,
1000289293,
1000289294,
1000289295,
1000289296,
1000289297,
1000289298,
1000289299,
1000289300,
1000289301,
1000289302,
1000289303,
1000289304,
1000289305,
1000289306,
1000289307,
1000289308,
1000289309,
1000289310,
1000289311,
1000289312,
1000289313,
1000289314,
1000289315,
1000289316,
1000289317,
1000289318,
1000289319,
1000289320,
1000289321,
1000289322,
1000289323,
1000289324,
1000289325,
1000289326,
1000289327,
1000289328,
1000289329,
1000289330,
1000289331,
1000289332,
1000289333,
1000289334,
1000289335,
1000289336,
1000289337,
1000289338,
1000289339,
1000289340,
1000289341,
1000289342,
1000289343,
1000289344,
1000289345,
1000289346,
1000289347,
1000289348,
1000289349,
1000289350,
1000289351,
1000289352,
1000289353,
1000289354,
1000289355,
1000289356,
1000289357,
1000289358,
1000289359,
1000289360,
1000289361,
1000289362,
1000289363,
1000289364,
1000289365,
1000289366,
1000289367,
1000289368,
1000289369,
1000289370,
1000289371,
1000289372,
1000289372,
1000289373,
1000289374,
1000289375,
1000289376,
1000289377,
1000289378,
1000289379,
1000289380,
1000289381,
1000289382,
1000289383,
1000289384,
1000289385,
1000289386,
1000289387,
1000289388,
1000289389,
1000289390,
1000289391,
1000289392,
1000289393,
1000289394,
1000289395,
1000289396,
1000289397,
1000289398,
1000289399,
1000289400,
1000289401,
1000289402,
1000289403,
1000289404,
1000289405,
1000289406,
1000289407,
1000289408,
1000289409,
1000289410,
1000289411,
1000289412,
1000289413,
1000289414,
1000289415,
1000289416,
1000289417,
1000289418,
1000289419,
1000289420,
1000289421,
1000289422,
1000289423,
1000289424,
1000289425,
1000289426,
1000289427,
1000289428,
1000289429,
1000289430,
1000289431,
1000289432,
1000289433,
1000289434,
1000289435,
1000289436,
1000289437,
1000289438,
1000289439,
1000289440,
1000289441,
1000289442,
1000289443,
1000289444,
1000289445,
1000289446,
1000289447,
1000289448,
1000289449,
1000289450,
1000289451,
1000289452,
1000289453,
1000289454,
1000289455,
1000289456,
1000289457,
1000289458,
1000289459,
1000289460,
1000289461,
1000289462,
1000289463,
1000289464,
1000289465,
1000289466,
1000289467,
1000289468,
1000289469,
1000289470,
1000289471,
1000289472,
1000289473,
1000289474,
1000289475,
1000289476,
1000289477,
1000289478,
1000289479,
1000289480,
1000289480,
1000289481,
1000289482,
1000289483,
1000289484,
1000289485,
1000289486,
1000289487,
1000289488,
1000289489,
1000289490,
1000289491,
1000289492,
1000289493,
1000289494,
1000289495,
1000289496,
1000289497,
1000289498,
1000289499,
1000289500,
1000289501,
1000289502,
1000289503,
1000289504,
1000289505,
1000289506,
1000289507,
1000289508,
1000289509,
1000289510,
1000289511,
1000289512,
1000289513,
1000289514,
1000289515,
1000289516,
1000289517,
1000289518,
1000289519,
1000289520,
1000289521,
1000289522,
1000289523,
1000289524,
1000289525,
1000289526,
1000289527,
1000289528,
1000289529,
1000289530,
1000289531,
1000289532,
1000289533,
1000289534,
1000289535,
1000289536,
1000289537,
1000289538,
1000289539,
1000289540,
1000289541,
1000289542,
1000289543,
1000289544,
1000289545,
1000289546,
1000289547,
1000289548,
1000289549,
1000289550,
1000289551,
1000289552,
1000289553,
1000289554,
1000289555,
1000289556,
1000289557,
1000289558,
1000289559,
1000289560,
1000289561,
1000289562,
1000289563,
1000289564,
1000289565,
1000289566,
1000289567,
1000289568,
1000289569,
1000289570,
1000289571,
1000289572,
1000289573,
1000289574,
1000289575,
1000289576,
1000289577,
1000289578,
1000289579,
1000289580,
1000289581,
1000289582,
1000289583,
1000289584,
1000289585,
1000289586,
1000289587,
1000289587,
1000289588,
1000289589,
1000289590,
1000289591,
1000289592,
1000289593,
1000289594,
1000289595,
1000289596,
1000289597,
1000289598,
1000289599,
1000289600,
1000289601,
1000289602,
1000289603,
1000289604,
1000289605,
1000289606,
1000289607,
1000289608,
1000289609,
1000289610,
1000289611,
1000289612,
1000289613,
1000289614,
1000289615,
1000289616,
1000289617,
1000289618,
1000289619,
1000289620,
1000289621,
1000289622,
1000289623,
1000289624,
1000289625,
1000289626,
1000289627,
1000289628,
1000289629,
1000289630,
1000289631,
1000289632,
1000289633,
1000289634,
1000289635,
1000289636,
1000289637,
1000289638,
1000289639,
1000289640,
1000289641,
1000289642,
1000289643,
1000289644,
1000289645,
1000289646,
1000289647,
1000289648,
1000289649,
1000289650,
1000289651,
1000289652,
1000289653,
1000289654,
1000289655,
1000289656,
1000289657,
1000289658,
1000289659,
1000289660,
1000289661,
1000289662,
1000289663,
1000289664,
1000289665,
1000289666,
1000289667,
1000289668,
1000289669,
1000289670,
1000289671,
1000289672,
1000289673,
1000289674,
1000289675,
1000289676,
1000289677,
1000289678,
1000289679,
1000289680,
1000289681,
1000289682,
1000289683,
1000289684,
1000289685,
1000289686,
1000289687,
1000289688,
1000289689,
1000289690,
1000289691,
1000289692,
1000289693,
1000289694,
1000289694,
1000289695,
1000289696,
1000289697,
1000289698,
1000289699,
1000289700,
1000289701,
1000289702,
1000289703,
1000289704,
1000289705,
1000289706,
1000289707,
1000289708,
1000289709,
1000289710,
1000289711,
1000289712,
1000289713,
1000289714,
1000289715,
1000289716,
1000289717,
1000289718,
1000289719,
1000289720,
1000289721,
1000289722,
1000289723,
1000289724,
1000289725,
1000289726,
1000289727,
1000289728,
1000289729,
1000289730,
1000289731,
1000289732,
1000289733,
1000289734,
1000289735,
1000289736,
1000289737,
1000289738,
1000289739,
1000289740,
1000289741,
1000289742,
1000289743,
1000289744,
1000289745,
1000289746,
1000289747,
1000289748,
1000289749,
1000289750,
1000289751,
1000289752,
1000289753,
1000289754,
1000289755,
1000289756,
1000289757,
1000289758,
1000289759,
1000289760,
1000289761,
1000289762,
1000289763,
1000289764,
1000289765,
1000289766,
1000289767,
1000289768,
1000289769,
1000289770,
1000289771,
1000289772,
1000289773,
1000289774,
1000289775,
1000289776,
1000289777,
1000289778,
1000289779,
1000289780,
1000289781,
1000289782,
1000289783,
1000289784,
1000289785,
1000289786,
1000289787,
1000289788,
1000289789,
1000289790,
1000289791,
1000289792,
1000289793,
1000289794,
1000289795,
1000289796,
1000289797,
1000289798,
1000289799,
1000289800,
1000289801,
1000289802,
1000289802,
1000289803,
1000289804,
1000289805,
1000289806,
1000289807,
1000289808,
1000289809,
1000289810,
1000289811,
1000289812,
1000289813,
1000289814,
1000289815,
1000289816,
1000289817,
1000289818,
1000289819,
1000289820,
1000289821,
1000289822,
1000289823,
1000289824,
1000289825,
1000289826,
1000289827,
1000289828,
1000289829,
1000289830,
1000289831,
1000289832,
1000289833,
1000289834,
1000289835,
1000289836,
1000289837,
1000289838,
1000289839,
1000289840,
1000289841,
1000289842,
1000289843,
1000289844,
1000289845,
1000289846,
1000289847,
1000289848,
1000289849,
1000289850,
1000289851,
1000289852,
1000289853,
1000289854,
1000289855,
1000289856,
1000289857,
1000289858,
1000289859,
1000289860,
1000289861,
1000289862,
1000289863,
1000289864,
1000289865,
1000289866,
1000289867,
1000289868,
1000289869,
1000289870,
1000289871,
1000289872,
1000289873,
1000289874,
1000289875,
1000289876,
1000289877,
1000289878,
1000289879,
1000289880,
1000289881,
1000289882,
1000289883,
1000289884,
1000289885,
1000289886,
1000289887,
1000289888,
1000289889,
1000289890,
1000289891,
1000289892,
1000289893,
1000289894,
1000289895,
1000289896,
1000289897,
1000289898,
1000289899,
1000289900,
1000289901,
1000289902,
1000289903,
1000289904,
1000289905,
1000289906,
1000289907,
1000289908,
1000289909,
1000289909,
1000289910,
1000289911,
1000289912,
1000289913,
1000289914,
1000289915,
1000289916,
1000289917,
1000289918,
1000289919,
1000289920,
1000289921,
1000289922,
1000289923,
1000289924,
1000289925,
1000289926,
1000289927,
1000289928,
1000289929,
1000289930,
1000289931,
1000289932,
1000289933,
1000289934,
1000289935,
1000289936,
1000289937,
1000289938,
1000289939,
1000289940,
1000289941,
1000289942,
1000289943,
1000289944,
1000289945,
1000289946,
1000289947,
1000289948,
1000289949,
1000289950,
1000289951,
1000289952,
1000289953,
1000289954,
1000289955,
1000289956,
1000289957,
1000289958,
1000289959,
1000289960,
1000289961,
1000289962,
1000289963,
1000289964,
1000289965,
1000289966,
1000289967,
1000289968,
1000289969,
1000289970,
1000289971,
1000289972,
1000289973,
1000289974,
1000289975,
1000289976,
1000289977,
1000289978,
1000289979,
1000289980,
1000289981,
1000289982,
1000289983,
1000289984,
1000289985,
1000289986,
1000289987,
1000289988,
1000289989,
1000289990,
1000289991,
1000289992,
1000289993,
1000289994,
1000289995,
1000289996,
1000289997,
1000289998,
1000289999,
1000290000,
1000290001,
1000290002,
1000290003,
1000290004,
1000290005,
1000290006,
1000290007,
1000290008,
1000290009,
1000290010,
1000290011,
1000290012,
1000290013,
1000290014,
1000290015,
1000290016,
1000290016,
1000290017,
1000290018,
1000290019,
1000290020,
1000290021,
1000290022,
1000290023,
1000290024,
1000290025,
1000290026,
1000290027,
1000290028,
1000290029,
1000290030,
1000290031,
1000290032,
1000290033,
1000290034,
1000290035,
1000290036,
1000290037,
1000290038,
1000290039,
1000290040,
1000290041,
1000290042,
1000290043,
1000290044,
1000290045,
1000290046,
1000290047,
1000290048,
1000290049,
1000290050,
1000290051,
1000290052,
1000290053,
1000290054,
1000290055,
1000290056,
1000290057,
1000290058,
1000290059,
1000290060,
1000290061,
1000290062,
1000290063,
1000290064,
1000290065,
1000290066,
1000290067,
1000290068,
1000290069,
1000290070,
1000290071,
1000290072,
1000290073,
1000290074,
1000290075,
1000290076,
1000290077,
1000290078,
1000290079,
1000290080,
1000290081,
1000290082,
1000290083,
1000290084,
1000290085,
1000290086,
1000290087,
1000290088,
1000290089,
1000290090,
1000290091,
1000290092,
1000290093,
1000290094,
1000290095,
1000290096,
1000290097,
1000290098,
1000290099,
1000290100,
1000290101,
1000290102,
1000290103,
1000290104,
1000290105,
1000290106,
1000290107,
1000290108,
1000290109,
1000290110,
1000290111,
1000290112,