order_id,商品名,支付时间,实付金额,saler_id,inter_id
1000290195,天上掉馅饼！中国最大度假目的地7天免费住,2017/7/20 12:14,10000,726,a490782373
1000290197,天上掉馅饼！中国最大度假目的地7天免费住,2017/7/20 12:14,10000,28,a490782373
1000290223,天上掉馅饼！中国最大度假目的地7天免费住,2017/7/20 12:17,5000,860,a490782373
1000290226,天上掉馅饼！中国最大度假目的地7天免费住,2017/7/20 12:17,5000,888,a490782373
1000290609,馅饼侠招募――知道这款度假攻略你就赚大了,2017/7/20 13:23,10000,88,a490782373
1000290617,馅饼侠招募――知道这款度假攻略你就赚大了,2017/7/20 13:25,10000,88,a490782373
1000290724,馅饼侠招募――知道这款度假攻略你就赚大了,2017/7/20 13:44,5000,85,a490782373
1000290802,馅饼侠招募――知道这款度假攻略你就赚大了,2017/7/20 13:58,5000,843,a490782373
1000290832,馅饼侠招募――知道这款度假攻略你就赚大了,2017/7/20 14:02,5000,843,a490782373
1000290833,馅饼侠招募――知道这款度假攻略你就赚大了,2017/7/20 14:02,5000,13,a490782373
1000290950,馅饼侠招募――知道这款度假攻略你就赚大了,2017/7/20 14:26,5000,717,a490782373
1000290968,馅饼侠招募――知道这款度假攻略你就赚大了,2017/7/20 14:29,5000,21,a490782373
1000290973,馅饼侠招募――知道这款度假攻略你就赚大了,2017/7/20 14:31,5000,903,a490782373
1000291024,馅饼侠招募――知道这款度假攻略你就赚大了,2017/7/20 14:40,5000,775,a490782373
1000291082,馅饼侠招募――知道这款度假攻略你就赚大了,2017/7/20 14:52,5000,823,a490782373
1000291089,馅饼侠招募――知道这款度假攻略你就赚大了,2017/7/20 14:54,5000,113,a490782373
1000291165,馅饼侠招募――知道这款度假攻略你就赚大了,2017/7/20 15:07,30000,819,a490782373
1000291174,馅饼侠招募――知道这款度假攻略你就赚大了,2017/7/20 15:09,5000,20,a490782373
1000291215,馅饼侠招募――知道这款度假攻略你就赚大了,2017/7/20 15:15,5000,849,a490782373
1000291220,馅饼侠招募――知道这款度假攻略你就赚大了,2017/7/20 15:18,5000,67,a490782373
1000291258,馅饼侠招募――知道这款度假攻略你就赚大了,2017/7/20 15:22,10000,20,a490782373
1000291272,馅饼侠招募――知道这款度假攻略你就赚大了,2017/7/20 15:25,5000,113,a490782373
1000291355,馅饼侠招募――知道这款度假攻略你就赚大了,2017/7/20 15:45,5000,717,a490782373
1000291364,馅饼侠招募――知道这款度假攻略你就赚大了,2017/7/20 15:49,5000,819,a490782373
1000291386,馅饼侠招募――知道这款度假攻略你就赚大了,2017/7/20 15:54,5000,28,a490782373
1000291420,馅饼侠招募――知道这款度假攻略你就赚大了,2017/7/20 16:02,5000,661,a490782373
1000291438,馅饼侠招募――知道这款度假攻略你就赚大了,2017/7/20 16:04,5000,725,a490782373
1000291459,馅饼侠招募――知道这款度假攻略你就赚大了,2017/7/20 16:09,5000,819,a490782373
1000291484,馅饼侠招募――知道这款度假攻略你就赚大了,2017/7/20 16:15,10000,20,a490782373
1000291487,馅饼侠招募――知道这款度假攻略你就赚大了,2017/7/20 16:16,5000,903,a490782373
1000291492,馅饼侠招募――知道这款度假攻略你就赚大了,2017/7/20 16:17,5000,725,a490782373
1000291574,馅饼侠招募――知道这款度假攻略你就赚大了,2017/7/20 16:40,5000,663,a490782373
1000291578,馅饼侠招募――知道这款度假攻略你就赚大了,2017/7/20 16:41,5000,663,a490782373
1000291603,馅饼侠招募――知道这款度假攻略你就赚大了,2017/7/20 16:52,5000,942,a490782373
1000291608,馅饼侠招募――知道这款度假攻略你就赚大了,2017/7/20 16:53,5000,19,a490782373
1000291692,馅饼侠招募――知道这款度假攻略你就赚大了,2017/7/20 17:23,5000,837,a490782373
1000291736,馅饼侠招募――知道这款度假攻略你就赚大了,2017/7/20 17:31,5000,837,a490782373
1000291787,馅饼侠招募――知道这款度假攻略你就赚大了,2017/7/20 17:44,5000,726,a490782373
1000291811,馅饼侠招募――知道这款度假攻略你就赚大了,2017/7/20 17:52,5000,726,a490782373
1000291812,馅饼侠招募――知道这款度假攻略你就赚大了,2017/7/20 17:52,5000,952,a490782373
1000291867,馅饼侠招募――知道这款度假攻略你就赚大了,2017/7/20 18:04,5000,661,a490782373
1000291976,馅饼侠招募――知道这款度假攻略你就赚大了,2017/7/20 18:30,5000,95,a490782373
1000291987,馅饼侠招募――知道这款度假攻略你就赚大了,2017/7/20 18:33,5000,926,a490782373
1000291989,馅饼侠招募――知道这款度假攻略你就赚大了,2017/7/20 18:34,5000,926,a490782373
1000291992,馅饼侠招募――知道这款度假攻略你就赚大了,2017/7/20 18:35,5000,926,a490782373
1000292113,馅饼侠招募――知道这款度假攻略你就赚大了,2017/7/20 19:05,5000,942,a490782373
1000292272,馅饼侠招募――知道这款度假攻略你就赚大了,2017/7/20 19:35,5000,20,a490782373
1000292307,馅饼侠招募――知道这款度假攻略你就赚大了,2017/7/20 19:45,5000,96,a490782373
1000292324,馅饼侠招募――知道这款度假攻略你就赚大了,2017/7/20 19:51,5000,903,a490782373
1000292331,馅饼侠招募――知道这款度假攻略你就赚大了,2017/7/20 19:52,5000,641,a490782373
1000292341,馅饼侠招募――知道这款度假攻略你就赚大了,2017/7/20 19:55,5000,952,a490782373
1000292370,馅饼侠招募――知道这款度假攻略你就赚大了,2017/7/20 20:01,20000,926,a490782373
1000292461,馅饼侠招募――知道这款度假攻略你就赚大了,2017/7/20 20:22,5000,792,a490782373
1000292471,馅饼侠招募――知道这款度假攻略你就赚大了,2017/7/20 20:24,5000,811,a490782373
1000292569,馅饼侠招募――知道这款度假攻略你就赚大了,2017/7/20 21:04,5000,186,a490782373
1000292672,馅饼侠招募――知道这款度假攻略你就赚大了,2017/7/20 21:44,5000,903,a490782373
1000292681,馅饼侠招募――知道这款度假攻略你就赚大了,2017/7/20 21:47,5000,926,a490782373
1000292695,馅饼侠招募――知道这款度假攻略你就赚大了,2017/7/20 21:53,5000,28,a490782373
1000292777,馅饼侠招募――知道这款度假攻略你就赚大了,2017/7/20 22:26,5000,852,a490782373
1000292807,馅饼侠招募――知道这款度假攻略你就赚大了,2017/7/20 22:37,10000,28,a490782373
1000292936,馅饼侠招募――知道这款度假攻略你就赚大了,2017/7/20 23:54,5000,85,a490782373
1000292942,馅饼侠招募――知道这款度假攻略你就赚大了,2017/7/20 23:57,5000,28,a490782373
1000292965,馅饼侠招募――知道这款度假攻略你就赚大了,2017/7/21 0:28,5000,15,a490782373
1000293012,馅饼侠招募――知道这款度假攻略你就赚大了,2017/7/21 6:12,5000,710,a490782373
1000293041,馅饼侠招募――知道这款度假攻略你就赚大了,2017/7/21 7:01,5000,926,a490782373
1000293057,馅饼侠招募――知道这款度假攻略你就赚大了,2017/7/21 7:21,5000,886,a490782373
1000293058,馅饼侠招募――知道这款度假攻略你就赚大了,2017/7/21 7:22,5000,926,a490782373
1000293075,馅饼侠招募――知道这款度假攻略你就赚大了,2017/7/21 7:42,5000,907,a490782373
1000293163,馅饼侠招募――知道这款度假攻略你就赚大了,2017/7/21 8:43,5000,898,a490782373
1000293176,馅饼侠招募――知道这款度假攻略你就赚大了,2017/7/21 8:52,5000,28,a490782373
1000293270,馅饼侠招募――知道这款度假攻略你就赚大了,2017/7/21 9:30,5000,63,a490782373
1000293300,馅饼侠招募――知道这款度假攻略你就赚大了,2017/7/21 9:40,5000,876,a490782373
1000293311,馅饼侠招募――知道这款度假攻略你就赚大了,2017/7/21 9:44,5000,886,a490782373
1000293322,馅饼侠招募――知道这款度假攻略你就赚大了,2017/7/21 9:47,5000,943,a490782373
1000293328,馅饼侠招募――知道这款度假攻略你就赚大了,2017/7/21 9:49,5000,20,a490782373
1000293523,馅饼侠招募――知道这款度假攻略你就赚大了,2017/7/21 10:12,5000,876,a490782373
1000293631,馅饼侠招募――知道这款度假攻略你就赚大了,2017/7/21 10:31,5000,28,a490782373
1000293712,馅饼侠招募――知道这款度假攻略你就赚大了,2017/7/21 10:54,5000,717,a490782373
1000293742,馅饼侠招募――知道这款度假攻略你就赚大了,2017/7/21 11:07,5000,717,a490782373
1000293973,馅饼侠招募――知道这款度假攻略你就赚大了,2017/7/21 12:07,10000,826,a490782373
1000293996,馅饼侠招募――知道这款度假攻略你就赚大了,2017/7/21 12:13,5000,15,a490782373
1000294089,馅饼侠招募――知道这款度假攻略你就赚大了,2017/7/21 12:32,5000,28,a490782373
1000294131,馅饼侠招募――知道这款度假攻略你就赚大了,2017/7/21 12:39,5000,95,a490782373
1000294214,馅饼侠招募――知道这款度假攻略你就赚大了,2017/7/21 13:00,5000,914,a490782373
1000294241,馅饼侠招募――知道这款度假攻略你就赚大了,2017/7/21 13:08,5000,663,a490782373
1000294292,馅饼侠招募――知道这款度假攻略你就赚大了,2017/7/21 13:26,5000,898,a490782373
1000294293,馅饼侠招募――知道这款度假攻略你就赚大了,2017/7/21 13:27,5000,1,a490782373
1000294297,馅饼侠招募――知道这款度假攻略你就赚大了,2017/7/21 13:29,5000,898,a490782373
1000294310,馅饼侠招募――知道这款度假攻略你就赚大了,2017/7/21 13:36,5000,750,a490782373
1000294335,馅饼侠招募――知道这款度假攻略你就赚大了,2017/7/21 13:43,5000,20,a490782373
1000294344,馅饼侠招募――知道这款度假攻略你就赚大了,2017/7/21 13:46,5000,717,a490782373
1000294350,馅饼侠招募――知道这款度假攻略你就赚大了,2017/7/21 13:51,5000,28,a490782373
