商城订单号,用户openID
1000204696,
1000180674,
1000180706,
1000180793,
1000180825,
1000180827,
1000180831,
1000180853,
1000180858,
1000180870,
1000180875,
1000181441,
1000181446,
1000181447,
1000181448,
1000181469,
1000181598,
1000181646,
1000181651,
1000181654,
1000181655,
1000181700,
1000181738,
1000181740,
1000181741,
1000181744,
1000181745,
1000181746,
1000181747,
1000181748,
1000181749,
1000181750,
1000181751,
1000181752,
1000181753,
1000181754,
1000181755,
1000181756,
1000181757,
1000181758,
1000181759,
1000181760,
1000181761,
1000181762,
1000181763,
1000181764,
1000181765,
1000181766,
1000181767,
1000181768,
1000181769,
1000181770,
1000181771,
1000181772,
1000181773,
1000181774,
1000181775,
1000181776,
1000181777,
1000181778,
1000181779,
1000181780,
1000181781,
1000181782,
1000181783,
1000181784,
1000181785,
1000181786,
1000181787,
1000181788,
1000181789,
1000181790,
1000181791,
1000181792,
1000181793,
1000181794,
1000181795,
1000181796,
1000181797,
1000181798,
1000181799,
1000181800,
1000181801,
1000181802,
1000181803,
1000181804,
1000181805,
1000181806,
1000181807,
1000181808,
1000181809,
1000181810,
1000181811,
1000181812,
1000181813,
1000181814,
1000181815,
1000181816,
1000181817,
1000181818,
1000181819,
1000181820,
1000181821,
1000181822,
1000181823,
1000181824,
1000181825,
1000181826,
1000181827,
1000181828,
1000181829,
1000181830,
1000181831,
1000181832,
1000181833,
1000181834,
1000181835,
1000181836,
1000181837,
1000181838,
1000181839,
1000181840,
1000181841,
1000181842,
1000181843,
1000181844,
1000181845,
1000181846,
1000181847,
1000181848,
1000181849,
1000181850,
1000181851,
1000181852,
1000181853,
1000181854,
1000181855,
1000181856,
1000181857,
1000181858,
1000181859,
1000181860,
1000181861,
1000181862,
1000181863,
1000181864,
1000181865,
1000181866,
1000181867,
1000181868,
1000181869,
1000181870,
1000181871,
1000181872,
1000181874,
1000181873,
1000181875,
1000181876,
1000181877,
1000181878,
1000181879,
1000181881,
1000181880,
1000181882,
1000181883,
1000181884,
1000181885,
1000181886,
1000181887,
1000181888,
1000181889,
1000181890,
1000181891,
1000181892,
1000181893,
1000181894,
1000181895,
1000181896,
1000181897,
1000181898,
1000181899,
1000181901,
1000181900,
1000181902,
1000181903,
1000181904,
1000181905,
1000181906,
1000181907,
1000181908,
1000181909,
1000181911,
1000181912,
1000181913,
1000181914,
1000181915,
1000181916,
1000181917,
1000181918,
1000181919,
1000181920,
1000181921,
1000181922,
1000181923,
1000181924,
1000181925,
1000181926,
1000181927,
1000181928,
1000181929,
1000181930,
1000181931,
1000181932,
1000181933,
1000181934,
1000181935,
1000181936,
1000181937,
1000181938,
1000181939,
1000181940,
1000181941,
1000181942,
1000181943,
1000181944,
1000181945,
1000181946,
1000181947,
1000181948,
1000181949,
1000181950,
1000181951,
1000181952,
1000181953,
1000181954,
1000181955,
1000181956,
1000181957,
1000181958,
1000181959,
1000181960,
1000181961,
1000181962,
1000181963,
1000181964,
1000181965,
1000181966,
1000181967,
1000181968,
1000181969,
1000181970,
1000181971,
1000181972,
1000181973,
1000181974,
1000181975,
1000181976,
1000181977,
1000181978,
1000181979,
1000181980,
1000181981,
1000181982,
1000181983,
1000181984,
1000181985,
1000181986,
1000181988,
1000181989,
1000181990,
1000181991,
1000181992,
1000181993,
1000181994,
1000181995,
1000181996,
1000181997,
1000181998,
1000181999,
1000182000,
1000182001,
1000182002,
1000182003,
1000182004,
1000182005,
1000182006,
1000182007,
1000182008,
1000182009,
1000182010,
1000182011,
1000182012,
1000182013,
1000182014,
1000182015,
1000182016,
1000182017,
1000182018,
1000182019,
1000182020,
1000182021,
1000182022,
1000182023,
1000182024,
1000182025,
1000182026,
1000182027,
1000182028,
1000182029,
1000182030,
1000182031,
1000182032,
1000182033,
1000182034,
1000182035,
1000182036,
1000182037,
1000182038,
1000182039,
1000182040,
1000182041,
1000182042,
1000182043,
1000182044,
1000182045,
1000182046,
1000182047,
1000182048,
1000182049,
1000182050,
1000182051,
1000182052,
1000182053,
1000182054,
1000182055,
1000182056,
1000182057,
1000182058,
1000182059,
1000182060,
1000182061,
1000182062,
1000182063,
1000182064,
1000182065,
1000182066,
1000182067,
1000182068,
1000182069,
1000182070,
1000182071,
1000182072,
1000182073,
1000182074,
1000182075,
1000182076,
1000182077,
1000182078,
1000182079,
1000182080,
1000182081,
1000182082,
1000182083,
1000182084,
1000182085,
1000182086,
1000182087,
1000182088,
1000182089,
1000182090,
1000182091,
1000182092,
1000182093,
1000182094,
1000182095,
1000182096,
1000182097,
1000182098,
1000182100,
1000182101,
1000182102,
1000182103,
1000182104,
1000182105,
1000182106,
1000182107,
1000182108,
1000182109,
1000182110,
1000182111,
1000182112,
1000182113,
1000182114,
1000182115,
1000182116,
1000182117,
1000182118,
1000182119,
1000182120,
1000182121,
1000182122,
1000182123,
1000182124,
1000182125,
1000182126,
1000182127,
1000182128,
1000182129,
1000182130,
1000182131,
1000182132,
1000182133,
1000182134,
1000182135,
1000182136,
1000182137,
1000182138,
1000182139,
1000182140,
1000182141,
1000182142,
1000182143,
1000182144,
1000182145,
1000182146,
1000182147,
1000182148,
1000182149,
1000182150,
1000182151,
1000182152,
1000182153,
1000182154,
1000182155,
1000182156,
1000182157,
1000182158,
1000182159,
1000182160,
1000182161,
1000182162,
1000182163,
1000182164,
1000182165,
1000182166,
1000182167,
1000182168,
1000182169,
1000182170,
1000182171,
1000182172,
1000182173,
1000182174,
1000182175,
1000182176,
1000182177,
1000182178,
1000182180,
1000182181,
1000182182,
1000182183,
1000182185,
1000182186,
1000182187,
1000182188,
1000182189,
1000182190,
1000182191,
1000182192,
1000182193,
1000182194,
1000182195,
1000182196,
1000182197,
1000182198,
1000182199,
1000182200,
1000182201,
1000182202,
1000182203,
1000182204,
1000182205,
1000182206,
1000182207,
1000182208,
1000182209,
1000182210,
1000182211,
1000182212,
1000182213,
1000182214,
1000182215,
1000182216,
1000182217,
1000182218,
1000182219,
1000182220,
1000182223,
1000182224,
1000182226,
1000182227,
1000182228,
1000182229,
1000182230,
1000182231,
1000182232,
1000182233,
1000182234,
1000182235,
1000182236,
1000182237,
1000182238,
1000182239,
1000182240,
1000182241,
1000182242,
1000182243,
1000182244,
1000182245,
1000182247,
1000182248,
1000182249,
1000182250,
1000182251,
1000182252,
1000182254,
1000182255,
1000182256,
1000182257,
1000182258,
1000182259,
1000182261,
1000182263,
1000182264,
1000182265,
1000182266,
1000182267,
1000182268,
1000182269,
1000182270,
1000182271,
1000182272,
1000182273,
1000182274,
1000182275,
1000182276,
1000182277,
1000182278,
1000182279,
1000182280,
1000182281,
1000182282,
1000182283,
1000182284,
1000182285,
1000182286,
1000182287,
1000182288,
1000182289,
1000182290,
1000182291,
1000182292,
1000182293,
1000182294,
1000182295,
1000182296,
1000182297,
1000182298,
1000182299,
1000182300,
1000182301,
1000182302,
1000182303,
1000182304,
1000182305,
1000182306,
1000182307,
1000182308,
1000182309,
1000182310,
1000182311,
1000182312,
1000182313,
1000182314,
1000182315,
1000182316,
1000182317,
1000182318,
1000182319,
1000182320,
1000182321,
1000182322,
1000182323,
1000182324,
1000182325,
1000182326,
1000182327,
1000182330,
1000182331,
1000182332,
1000182333,
1000182334,
1000182335,
1000182336,
1000182337,
1000182338,
1000182339,
1000182340,
1000182341,
1000182342,
1000182343,
1000182344,
1000182345,
1000182346,
1000182347,
1000182348,
1000182349,
1000182350,
1000182351,
1000182352,
1000182353,
1000182354,
1000182355,
1000182356,
1000182357,
1000182358,
1000182359,
1000182360,
1000182361,
1000182362,
1000182363,
1000182364,
1000182365,
1000182366,
1000182367,
1000182368,
1000182369,
1000182370,
1000182371,
1000182372,
1000182373,
1000182374,
1000182375,
1000182376,
1000182378,
1000182379,
1000182380,
1000182381,
1000182382,
1000182383,
1000182384,
1000182385,
1000182386,
1000182387,
1000182388,
1000182389,
1000182390,
1000182391,
1000182392,
1000182393,
1000182394,
1000182395,
1000182396,
1000182398,
1000182399,
1000182400,
1000182401,
1000182402,
1000182403,
1000182404,
1000182405,
1000182406,
1000182407,
1000182408,
1000182409,
1000182410,
1000182411,
1000182412,
1000182413,
1000182414,
1000182415,
1000182416,
1000182417,
1000182418,
1000182419,
1000182420,
1000182421,
1000182422,
1000182424,
1000182425,
1000182426,
1000182427,
1000182428,
1000182430,
1000182431,
1000182432,
1000182433,
1000182434,
1000182435,
1000182436,
1000182437,
1000182438,
1000182439,
1000182440,
1000182442,
1000182443,
1000182444,
1000182445,
1000182446,
1000182447,
1000182448,
1000182449,
1000182450,
1000182452,
1000182453,
1000182454,
1000182455,
1000182456,
1000182457,
1000182458,
1000182461,
1000182462,
1000182463,
1000182464,
1000182465,
1000182466,
1000182471,
1000182473,
1000182474,
1000182475,
1000182476,
1000182477,
1000182478,
1000182479,
1000182480,
1000182481,
1000182482,
1000182483,
1000182484,
1000182485,
1000182486,
1000182487,
1000182488,
1000182489,
1000182490,
1000182491,
1000182492,
1000182493,
1000182494,
1000182495,
1000182496,
1000182497,
1000182498,
1000182499,
1000182500,
1000182501,
1000182502,
1000182503,
1000182504,
1000182505,
1000182506,
1000182507,
1000182508,
1000182509,
1000182510,
1000182511,
1000182512,
1000182513,
1000182514,
1000182515,
1000182516,
1000182517,
1000182518,
1000182519,
1000182520,
1000182522,
1000182523,
1000182524,
1000182525,
1000182527,
1000182528,
1000182529,
1000182531,
1000182532,
1000182533,
1000182534,
1000182535,
1000182536,
1000182537,
1000182538,
1000182539,
1000182541,
1000182542,
1000182543,
1000182544,
1000182545,
1000182546,
1000182547,
1000182548,
1000182549,
1000182550,
1000182551,
1000182552,
1000182553,
1000182555,
1000182556,
1000182557,
1000182558,
1000182559,
1000182560,
1000182561,
1000182562,
1000182563,
1000182564,
1000182565,
1000182566,
1000182567,
1000182568,
1000182569,
1000182570,
1000182571,
1000182572,
1000182573,
1000182574,
1000182575,
1000182576,
1000182577,
1000182579,
1000182580,
1000182581,
1000182582,
1000182583,
1000182584,
1000182585,
1000182586,
1000182587,
1000182588,
1000182589,
1000182590,
1000182591,
1000182592,
1000182593,
1000182594,
1000182595,
1000182596,
1000182597,
1000182598,
1000182599,
1000182600,
1000182601,
1000182602,
1000182603,
1000182604,
1000182605,
1000182606,
1000182607,
1000182608,
1000182609,
1000182610,
1000182611,
1000182612,
1000182613,
1000182615,
1000182616,
1000182617,
1000182618,
1000182619,
1000182620,
1000182621,
1000182622,
1000182623,
1000182624,
1000182625,
1000182626,
1000182627,
1000182628,
1000182629,
1000182630,
1000182631,
1000182632,
1000182633,
1000182634,
1000182635,
1000182636,
1000182637,
1000182638,
1000182639,
1000182640,
1000182641,
1000182642,
1000182643,
1000182644,
1000182645,
1000182646,
1000182647,
1000182649,
1000182650,
1000182651,
1000182652,
1000182653,
1000182655,
1000182656,
1000182657,
1000182659,
1000182660,
1000182661,
1000182662,
1000182663,
1000182664,
1000182665,
1000182666,
1000182667,
1000182668,
1000182669,
1000182670,
1000182671,
1000182672,
1000182673,
1000182674,
1000182675,
1000182676,
1000182678,
1000182679,
1000182680,
1000182681,
1000182682,
1000182683,
1000182684,
1000182685,
1000182686,
1000182688,
1000182690,
1000182691,
1000182692,
1000182693,
1000182694,
1000182695,
1000182696,
1000182697,
1000182698,
1000182699,
1000182700,
1000182701,
1000182702,
1000182703,
1000182704,
1000182705,
1000182706,
1000182707,
1000182708,
1000182709,
1000182711,
1000182712,
1000182713,
1000182714,
1000182715,
1000182716,
1000182717,
1000182718,
1000182719,
1000182720,
1000182721,
1000182722,
1000182723,
1000182724,
1000182725,
1000182726,
1000182727,
1000182728,
1000182729,
1000182730,
1000182731,
1000182732,
1000182733,
1000182734,
1000182735,
1000182736,
1000182737,
1000182738,
1000182739,
1000182740,
1000182741,
1000182744,
1000182745,
1000182746,
1000182747,
1000182748,
1000182749,
1000182750,
1000182751,
1000182752,
1000182753,
1000182754,
1000182755,
1000182756,
1000182757,
1000182758,
1000182759,
1000182760,
1000182761,
1000182762,
1000182763,
1000182764,
1000182765,
1000182767,
1000182768,
1000182769,
1000182770,
1000182771,
1000182772,
1000182773,
1000182774,
1000182775,
1000182776,
1000182777,
1000182778,
1000182779,
1000182780,
1000182781,
1000182782,
1000182783,
1000182784,
1000182785,
1000182786,
1000182787,
1000182788,
1000182789,
1000182790,
1000182791,
1000182792,
1000182793,
1000182794,
1000182795,
1000182796,
1000182797,
1000182798,
1000182799,
1000182800,
1000182801,
1000182802,
1000182803,
1000182804,
1000182805,
1000182806,
1000182807,
1000182809,
1000182810,
1000182811,
1000182812,
1000182813,
1000182814,
1000182815,
1000182816,
1000182817,
1000182819,
1000182820,
1000182822,
1000182823,
1000182824,
1000182825,
1000182826,
1000182827,
1000182828,
1000182829,
1000182830,
1000182831,
1000182832,
1000182833,
1000182834,
1000182835,
1000182836,
1000182837,
1000182838,
1000182839,
1000182840,
1000182842,
1000182843,
1000182844,
1000182845,
1000182847,
1000182848,
1000182849,
1000182850,
1000182851,
1000182852,
1000182853,
1000182854,
1000182855,
1000182856,
1000182857,
1000182858,
1000182859,
1000182860,
1000182861,
1000182862,
1000182863,
1000182864,
1000182865,
1000182866,
1000182867,
1000182868,
1000182869,
1000182870,
1000182871,
1000182872,
1000182873,
1000182874,
1000182875,
1000182876,
1000182877,
1000182878,
1000182879,
1000182880,
1000182881,
1000182882,
1000182883,
1000182885,
1000182886,
1000182887,
1000182888,
1000182889,
1000182890,
1000182891,
1000182892,
1000182893,
1000182894,
1000182895,
1000182896,
1000182897,
1000182898,
1000182899,
1000182900,
1000182901,
1000182902,
1000182903,
1000182904,
1000182905,
1000182906,
1000182907,
1000182908,
1000182909,
1000182910,
1000182911,
1000182912,
1000182914,
1000182915,
1000182917,
1000182916,
1000182918,
1000182919,
1000182920,
1000182921,
1000182922,
1000182923,
1000182924,
1000182925,
1000182927,
1000182928,
1000182929,
1000182931,
1000182932,
1000182933,
1000182934,
1000182935,
1000182936,
1000182937,
1000182939,
1000182940,
1000182941,
1000182942,
1000182943,
1000182944,
1000182945,
1000182946,
1000182947,
1000182948,
1000182949,
1000182950,
1000182951,
1000182952,
1000182953,
1000182954,
1000182955,
1000182956,
1000182957,
1000182958,
1000182959,
1000182960,
1000182961,
1000182962,
1000182963,
1000182964,
1000182965,
1000182966,
1000182967,
1000182968,
1000182969,
1000182970,
1000182971,
1000182973,
1000182974,
1000182975,
1000182976,
1000182977,
1000182978,
1000182979,
1000182980,
1000182981,
1000182982,
1000182984,
1000182985,
1000182986,
1000182987,
1000182988,
1000182989,
1000182990,
1000182991,
1000182992,
1000182993,
1000182994,
1000182995,
1000182997,
1000182999,
1000183000,
1000183001,
1000183002,
1000183003,
1000183004,
1000183006,
1000183007,
1000183008,
1000183009,
1000183010,
1000183011,
1000183013,
1000183014,
1000183015,
1000183017,
1000183019,
1000183020,
1000183021,
1000183022,
1000183023,
1000183024,
1000183025,
1000183026,
1000183027,
1000183028,
1000183029,
1000183030,
1000183031,
1000183032,
1000183033,
1000183035,
1000183036,
1000183037,
1000183038,
1000183039,
1000183040,
1000183041,
1000183042,
1000183043,
1000183044,
1000183045,
1000183046,
1000183047,
1000183048,
1000183049,
1000183050,
1000183051,
1000183052,
1000183053,
1000183054,
1000183055,
1000183056,
1000183057,
1000183059,
1000183060,
1000183061,
1000183062,
1000183063,
1000183064,
1000183065,
1000183066,
1000183067,
1000183068,
1000183069,
1000183070,
1000183071,
1000183072,
1000183073,
1000183074,
1000183075,
1000183076,
1000183077,
1000183078,
1000183079,
1000183081,
1000183082,
1000183083,
1000183084,
1000183085,
1000183086,
1000183087,
1000183088,
1000183089,
1000183090,
1000183092,
1000183093,
1000183094,
1000183095,
1000183096,
1000183097,
1000183098,
1000183099,
1000183100,
1000183101,
1000183102,
1000183103,
1000183104,
1000183105,
1000183106,
1000183107,
1000183108,
1000183109,
1000183110,
1000183111,
1000183114,
1000183115,
1000183116,
1000183117,
1000183119,
1000183120,
1000183121,
1000183122,
1000183124,
1000183125,
1000183126,
1000183127,
1000183128,
1000183130,
1000183131,
1000183132,
1000183133,
1000183134,
1000183135,
1000183137,
1000183138,
1000183139,
1000183140,
1000183142,
1000183143,
1000183144,
1000183146,
1000183147,
1000183148,
1000183149,
1000183150,
1000183151,
1000183152,
1000183153,
1000183154,
1000183155,
1000183156,
1000183157,
1000183158,
1000183159,
1000183160,
1000183161,
1000183162,
1000183163,
1000183164,
1000183165,
1000183166,
1000183168,
1000183169,
1000183170,
1000183171,
1000183172,
1000183173,
1000183174,
1000183175,
1000183176,
1000183177,
1000183178,
1000183179,
1000183180,
1000183181,
1000183182,
1000183183,
1000183184,
1000183185,
1000183186,
1000183187,
1000183188,
1000183189,
1000183190,
1000183191,
1000183192,
1000183193,
1000183194,
1000183195,
1000183196,
1000183197,
1000183199,
1000183200,
1000183201,
1000183203,
1000183204,
1000183205,
1000183206,
1000183207,
1000183208,
1000183209,
1000183210,
1000183211,
1000183213,
1000183214,
1000183215,
1000183216,
1000183217,
1000183218,
1000183219,
1000183220,
1000183221,
1000183222,
1000183223,
1000183224,
1000183225,
1000183226,
1000183227,
1000183228,
1000183229,
1000183230,
1000183231,
1000183232,
1000183233,
1000183234,
1000183236,
1000183238,
1000183239,
1000183240,
1000183241,
1000183242,
1000183243,
1000183244,
1000183245,
1000183246,
1000183247,
1000183248,
1000183249,
1000183251,
1000183252,
1000183253,
1000183254,
1000183255,
1000183256,
1000183257,
1000183260,
1000183261,
1000183262,
1000183263,
1000183264,
1000183265,
1000183266,
1000183267,
1000183268,
1000183269,
1000183270,
1000183271,
1000183272,
1000183274,
1000183275,
1000183276,
1000183277,
1000183278,
1000183279,
1000183280,
1000183281,
1000183282,
1000183283,
1000183284,
1000183285,
1000183286,
1000183287,
1000183289,
1000183290,
1000183291,
1000183292,
1000183293,
1000183294,
1000183295,
1000183296,
1000183297,
1000183298,
1000183299,
1000183300,
1000183301,
1000183302,
1000183303,
1000183304,
1000183305,
1000183306,
1000183307,
1000183308,
1000183309,
1000183310,
1000183312,
1000183313,
1000183314,
1000183315,
1000183316,
1000183317,
1000183318,
1000183319,
1000183320,
1000183321,
1000183322,
1000183323,
1000183324,
1000183325,
1000183326,
1000183327,
1000183328,
1000183330,
1000183331,
1000183332,
1000183333,
1000183334,
1000183335,
1000183336,
1000183337,
1000183338,
1000183339,
1000183340,
1000183341,
1000183342,
1000183343,
1000183344,
1000183345,
1000183346,
1000183347,
1000183348,
1000183349,
1000183350,
1000183351,
1000183352,
1000183353,
1000183354,
1000183355,
1000183356,
1000183357,
1000183358,
1000183359,
1000183360,
1000183361,
1000183362,
1000183363,
1000183364,
1000183365,
1000183366,
1000183367,
1000183368,
1000183369,
1000183370,
1000183371,
1000183372,
1000183373,
1000183374,
1000183375,
1000183376,
1000183377,
1000183378,
1000183379,
1000183380,
1000183381,
1000183382,
1000183383,
1000183384,
1000183385,
1000183386,
1000183387,
1000183388,
1000183389,
1000183390,
1000183392,
1000183393,
1000183394,
1000183395,
1000183396,
1000183397,
1000183398,
1000183399,
1000183400,
1000183401,
1000183402,
1000183403,
1000183404,
1000183405,
1000183406,
1000183407,
1000183408,
1000183409,
1000183410,
1000183411,
1000183412,
1000183413,
1000183414,
1000183415,
1000183416,
1000183417,
1000183418,
1000183419,
1000183421,
1000183422,
1000183423,
1000183424,
1000183425,
1000183426,
1000183427,
1000183429,
1000183430,
1000183431,
1000183432,
1000183433,
1000183434,
1000183435,
1000183436,
1000183437,
1000183438,
1000183439,
1000183440,
1000183441,
1000183442,
1000183443,
1000183444,
1000183445,
1000183446,
1000183447,
1000183448,
1000183449,
1000183450,
1000183451,
1000183452,
1000183453,
1000183454,
1000183455,
1000183456,
1000183457,
1000183458,
1000183459,
1000183460,
1000183461,
1000183462,
1000183463,
1000183464,
1000183465,
1000183466,
1000183467,
1000183468,
1000183469,
1000183470,
1000183471,
1000183472,
1000183474,
1000183475,
1000183476,
1000183477,
1000183478,
1000183479,
1000183481,
1000183482,
1000183483,
1000183484,
1000183485,
1000183486,
1000183487,
1000183488,
1000183489,
1000183490,
1000183491,
1000183492,
1000183493,
1000183494,
1000183495,
1000183496,
1000183497,
1000183498,
1000183501,
1000183502,
1000183503,
1000183504,
1000183505,
1000183506,
1000183507,
1000183508,
1000183509,
1000183510,
1000183512,
1000183513,
1000183515,
1000183516,
1000183517,
1000183518,
1000183519,
1000183520,
1000183521,
1000183522,
1000183523,
1000183524,
1000183525,
1000183526,
1000183527,
1000183528,
1000183529,
1000183530,
1000183531,
1000183532,
1000183535,
1000183536,
1000183537,
1000183538,
1000183539,
1000183541,
1000183542,
1000183543,
1000183544,
1000183545,
1000183546,
1000183547,
1000183548,
1000183549,
1000183550,
1000183552,
1000183553,
1000183554,
1000183555,
1000183556,
1000183557,
1000183558,
1000183560,
1000183561,
1000183562,
1000183563,
1000183564,
1000183565,
1000183566,
1000183568,
1000183569,
1000183570,
1000183572,
1000183573,
1000183574,
1000183575,
1000183576,
1000183577,
1000183578,
1000183579,
1000183580,
1000183581,
1000183582,
1000183583,
1000183584,
1000183585,
1000183586,
1000183587,
1000183590,
1000183591,
1000183592,
1000183593,
1000183595,
1000183596,
1000183597,
1000183599,
1000183600,
1000183601,
1000183602,
1000183604,
1000183605,
1000183606,
1000183607,
1000183608,
1000183609,
1000183610,
1000183611,
1000183612,
1000183613,
1000183614,
1000183615,
1000183617,
1000183618,
1000183619,
1000183620,
1000183621,
1000183623,
1000183624,
1000183625,
1000183626,
1000183627,
1000183628,
1000183629,
1000183630,
1000183631,
1000183632,
1000183633,
1000183634,
1000183635,
1000183636,
1000183637,
1000183638,
1000183639,
1000183640,
1000183641,
1000183643,
1000183646,
1000183647,
1000183649,
1000183650,
1000183651,
1000183652,
1000183653,
1000183654,
1000183655,
1000183656,
1000183657,
1000183658,
1000183659,
1000183660,
1000183661,
1000183662,
1000183663,
1000183664,
1000183665,
1000183666,
1000183667,
1000183669,
1000183670,
1000183671,
1000183672,
1000183673,
1000183674,
1000183675,
1000183676,
1000183677,
1000183678,
1000183680,
1000183681,
1000183682,
1000183683,
1000183684,
1000183687,
1000183688,
1000183690,
1000183691,
1000183693,
1000183694,
1000183695,
1000183697,
1000183698,
1000183699,
1000183700,
1000183701,
1000183702,
1000183703,
1000183704,
1000183705,
1000183707,
1000183708,
1000183709,
1000183710,
1000183711,
1000183712,
1000183713,
1000183714,
1000183718,
1000183719,
1000183720,
1000183722,
1000183724,
1000183727,
1000183728,
1000183729,
1000183731,
1000183732,
1000183733,
1000183734,
1000183735,
1000183736,
1000183737,
1000183738,
1000183740,
1000183742,
1000183743,
1000183744,
1000183745,
1000183746,
1000183747,
1000183748,
1000183749,
1000183750,
1000183751,
1000183752,
1000183753,
1000183755,
1000183756,
1000183757,
1000183758,
1000183759,
1000183760,
1000183762,
1000183763,
1000183764,
1000183765,
1000183766,
1000183767,
1000183768,
1000183769,
1000183770,
1000183771,
1000183772,
1000183773,
1000183774,
1000183775,
1000183776,
1000183777,
1000183778,
1000183779,
1000183780,
1000183781,
1000183782,
1000183783,
1000183784,
1000183785,
1000183787,
1000183788,
1000183789,
1000183790,
1000183791,
1000183792,
1000183793,
1000183794,
1000183795,
1000183796,
1000183798,
1000183799,
1000183800,
1000183801,
1000183802,
1000183803,
1000183804,
1000183805,
1000183806,
1000183807,
1000183809,
1000183810,
1000183812,
1000183813,
1000183814,
1000183815,
1000183816,
1000183817,
1000183818,
1000183819,
1000183820,
1000183821,
1000183822,
1000183823,
1000183826,
1000183827,
1000183828,
1000183829,
1000183830,
1000183832,
1000183833,
1000183834,
1000183835,
1000183836,
1000183837,
1000183838,
1000183839,
1000183840,
1000183841,
1000183843,
1000183844,
1000183845,
1000183846,
1000183847,
1000183848,
1000183849,
1000183850,
1000183852,
1000183854,
1000183855,
1000183856,
1000183857,
1000183858,
1000183859,
1000183860,
1000183861,
1000183862,
1000183863,
1000183864,
1000183865,
1000183866,
1000183868,
1000183869,
1000183871,
1000183872,
1000183873,
1000183875,
1000183876,
1000183877,
1000183878,
1000183880,
1000183881,
1000183883,
1000183884,
1000183885,
1000183886,
1000183887,
1000183888,
1000183890,
1000183891,
1000183892,
1000183893,
1000183895,
1000183896,
1000183897,
1000183899,
1000183900,
1000183902,
1000183903,
1000183904,
1000183905,
1000183907,
1000183908,
1000183909,
1000183911,
1000183912,
1000183913,
1000183914,
1000183915,
1000183917,
1000183918,
1000183920,
1000183921,
1000183922,
1000183925,
1000183926,
1000183927,
1000183929,
1000183931,
1000183932,
1000183933,
1000183935,
1000183936,
1000183937,
1000183938,
1000183939,
1000183941,
1000183942,
1000183943,
1000183944,
1000183945,
1000183946,
1000183947,
1000183948,
1000183950,
1000183951,
1000183952,
1000183953,
1000183954,
1000183955,
1000183956,
1000183958,
1000183959,
1000183960,
1000183961,
1000183962,
1000183963,
1000183964,
1000183965,
1000183966,
1000183967,
1000183968,
1000183969,
1000183970,
1000183971,
1000183972,
1000183973,
1000183975,
1000183976,
1000183977,
1000183978,
1000183979,
1000183980,
1000183981,
1000183982,
1000183983,
1000183984,
1000183985,
1000183986,
1000183987,
1000183988,
1000183989,
1000183990,
1000183991,
1000183992,
1000183993,
1000183995,
1000183997,
1000183999,
1000184000,
1000184001,
1000184003,
1000184005,
1000184006,
1000184007,
1000184008,
1000184009,
1000184010,
1000184011,
1000184013,
1000184014,
1000184015,
1000184016,
1000184017,
1000184018,
1000184019,
1000184020,
1000184021,
1000184022,
1000184023,
1000184025,
1000184027,
1000184028,
1000184029,
1000184030,
1000184033,
1000184035,
1000184036,
1000184037,
1000184038,
1000184039,
1000184040,
1000184041,
1000184042,
1000184044,
1000184046,
1000184047,
1000184048,
1000184051,
1000184053,
1000184055,
1000184058,
1000184059,
1000184061,
1000184063,
1000184064,
1000184066,
1000184067,
1000184068,
1000184069,
1000184071,
1000184072,
1000184073,
1000184074,
1000184076,
1000184077,
1000184078,
1000184079,
1000184080,
1000184082,
1000184083,
1000184084,
1000184085,
1000184086,
1000184087,
1000184088,
1000184089,
1000184090,
1000184091,
1000184092,
1000184093,
1000184094,
1000184095,
1000184096,
1000184097,
1000184098,
1000184099,
1000184100,
1000184101,
1000184102,
1000184104,
1000184105,
1000184106,
1000184107,
1000184108,
1000184109,
1000184110,
1000184112,
1000184113,
1000184116,
1000184118,
1000184119,
1000184120,
1000184121,
1000184122,
1000184123,
1000184124,
1000184126,
1000184127,
1000184128,
1000184129,
1000184130,
1000184131,
1000184132,
1000184134,
1000184135,
1000184136,
1000184137,
1000184138,
1000184139,
1000184140,
1000184141,
1000184142,
1000184143,
1000184144,
1000184145,
1000184146,
1000184148,
1000184149,
1000184150,
1000184152,
1000184153,
1000184154,
1000184156,
1000184157,
1000184158,
1000184160,
1000184161,
1000184163,
1000184168,
1000184169,
1000184170,
1000184173,
1000184174,
1000184175,
1000184176,
1000184177,
1000184178,
1000184180,
1000184181,
1000184182,
1000184185,
1000184186,
1000184187,
1000184190,
1000184191,
1000184192,
1000184193,
1000184194,
1000184195,
1000184196,
1000184197,
1000184198,
1000184199,
1000184200,
1000184201,
1000184202,
1000184203,
1000184204,
1000184205,
1000184206,
1000184207,
1000184208,
1000184209,
1000184211,
1000184213,
1000184214,
1000184216,
1000184220,
1000184221,
1000184222,
1000184223,
1000184224,
1000184225,
1000184226,
1000184227,
1000184228,
1000184229,
1000184230,
1000184233,
1000184234,
1000184235,
1000184236,
1000184237,
1000184238,
1000184239,
1000184240,
1000184241,
1000184242,
1000184244,
1000184245,
1000184246,
1000184247,
1000184248,
1000184249,
1000184250,
1000184251,
1000184252,
1000184253,
1000184254,
1000184255,
1000184256,
1000184257,
1000184261,
1000184263,
1000184264,
1000184265,
1000184266,
1000184267,
1000184268,
1000184269,
1000184270,
1000184271,
1000184272,
1000184273,
1000184274,
1000184275,
1000184277,
1000184278,
1000184279,
1000184280,
1000184281,
1000184282,
1000184283,
1000184284,
1000184285,
1000184286,
1000184287,
1000184288,
1000184289,
1000184290,
1000184291,
1000184293,
1000184294,
1000184295,
1000184296,
1000184297,
1000184298,
1000184299,
1000184300,
1000184301,
1000184303,
1000184304,
1000184305,
1000184306,
1000184307,
1000184308,
1000184309,
1000184311,
1000184312,
1000184313,
1000184314,
1000184315,
1000184317,
1000184318,
1000184319,
1000184320,
1000184321,
1000184322,
1000184323,
1000184324,
1000184325,
1000184326,
1000184327,
1000184329,
1000184331,
1000184332,
1000184333,
1000184334,
1000184335,
1000184336,
1000184337,
1000184338,
1000184339,
1000184340,
1000184341,
1000184342,
1000184343,
1000184344,
1000184345,
1000184346,
1000184347,
1000184348,
1000184349,
1000184350,
1000184351,
1000184352,
1000184353,
1000184354,
1000184355,
1000184356,
1000184357,
1000184358,
1000184360,
1000184361,
1000184362,
1000184363,
1000184364,
1000184365,
1000184366,
1000184367,
1000184368,
1000184369,
1000184370,
1000184371,
1000184372,
1000184374,
1000184375,
1000184376,
1000184378,
1000184379,
1000184380,
1000184381,
1000184386,
1000184387,
1000184388,
1000184389,
1000184390,
1000184391,
1000184392,
1000184393,
1000184396,
1000184397,
1000184398,
1000184399,
1000184400,
1000184401,
1000184403,
1000184404,
1000184405,
1000184406,
1000184409,
1000184410,
1000184411,
1000184412,
1000184413,
1000184415,
1000184417,
1000184418,
1000184420,
1000184421,
1000184422,
1000184423,
1000184425,
1000184426,
1000184427,
1000184428,
1000184429,
1000184430,
1000184431,
1000184433,
1000184434,
1000184435,
1000184438,
1000184439,
1000184440,
1000184441,
1000184442,
1000184443,
1000184445,
1000184446,
1000184447,
1000184448,
1000184449,
1000184451,
1000184453,
1000184454,
1000184456,
1000184457,
1000184458,
1000184459,
1000184460,
1000184461,
1000184462,
1000184463,
1000184464,
1000184465,
1000184466,
1000184467,
1000184468,
1000184469,
1000184470,
1000184471,
1000184472,
1000184473,
1000184474,
1000184475,
1000184476,
1000184477,
1000184478,
1000184480,
1000184481,
1000184483,
1000184484,
1000184485,
1000184486,
1000184487,
1000184488,
1000184490,
1000184491,
1000184493,
1000184495,
1000184496,
1000184497,
1000184498,
1000184500,
1000184502,
1000184504,
1000184507,
1000184509,
1000184510,
1000184511,
1000184513,
1000184515,
1000184516,
1000184517,
1000184518,
1000184519,
1000184520,
1000184521,
1000184522,
1000184523,
1000184524,
1000184525,
1000184526,
1000184527,
1000184528,
1000184529,
1000184530,
1000184531,
1000184532,
1000184533,
1000184534,
1000184535,
1000184536,
1000184537,
1000184538,
1000184540,
1000184541,
1000184542,
1000184543,
1000184544,
1000184545,
1000184546,
1000184547,
1000184549,
1000184550,
1000184551,
1000184553,
1000184554,
1000184555,
1000184557,
1000184558,
1000184559,
1000184560,
1000184561,
1000184562,
1000184563,
1000184564,
1000184567,
1000184568,
1000184569,
1000184570,
1000184571,
1000184572,
1000184575,
1000184576,
1000184577,
1000184578,
1000184581,
1000184583,
1000184584,
1000184585,
1000184588,
1000184589,
1000184591,
1000184593,
1000184594,
1000184596,
1000184598,
1000184599,
1000184600,
1000184601,
1000184603,
1000184605,
1000184606,
1000184607,
1000184608,
1000184609,
1000184611,
1000184612,
1000184613,
1000184614,
1000184615,
1000184616,
1000184618,
1000184619,
1000184620,
1000184621,
1000184622,
1000184623,
1000184624,
1000184625,
1000184626,
1000184627,
1000184632,
1000184633,
1000184634,
1000184635,
1000184636,
1000184637,
1000184638,
1000184639,
1000184640,
1000184641,
1000184642,
1000184644,
1000184645,
1000184646,
1000184648,
1000184650,
1000184651,
1000184652,
1000184653,
1000184655,
1000184656,
1000184658,
1000184660,
1000184661,
1000184663,
1000184664,
1000184665,
1000184667,
1000184668,
1000184669,
1000184670,
1000184671,
1000184673,
1000184674,
1000184675,
1000184676,
1000184677,
1000184678,
1000184680,
1000184681,
1000184682,
1000184683,
1000184684,
1000184685,
1000184686,
1000184688,
1000184689,
1000184690,
1000184691,
1000184692,
1000184693,
1000184694,
1000184695,
1000184696,
1000184697,
1000184698,
1000184700,
1000184701,
1000184702,
1000184703,
1000184705,
1000184706,
1000184707,
1000184709,
1000184710,
1000184711,
1000184712,
1000184713,
1000184716,
1000184718,
1000184720,
1000184722,
1000184723,
1000184724,
1000184725,
1000184726,
1000184727,
1000184728,
1000184729,
1000184730,
1000184731,
1000184732,
1000184733,
1000184734,
1000184736,
1000184737,
1000184739,
1000184740,
1000184741,
1000184742,
1000184743,
1000184744,
1000184745,
1000184746,
1000184749,
1000184750,
1000184751,
1000184752,
1000184754,
1000184755,
1000184756,
1000184757,
1000184758,
1000184759,
1000184760,
1000184763,
1000184764,
1000184766,
1000184767,
1000184768,
1000184769,
1000184770,
1000184771,
1000184772,
1000184773,
1000184774,
1000184775,
1000184776,
1000184777,
1000184778,
1000184779,
1000184781,
1000184784,
1000184786,
1000184787,
1000184788,
1000184789,
1000184790,
1000184791,
1000184792,
1000184793,
1000184794,
1000184795,
1000184796,
1000184797,
1000184798,
1000184809,
1000184812,
1000184813,
1000184814,
1000184815,
1000184816,
1000184817,
1000184819,
1000184820,
1000184821,
1000184822,
1000184823,
1000184824,
1000184827,
1000184828,
1000184829,
1000184830,
1000184832,
1000184833,
1000184834,
1000184835,
1000184836,
1000184837,
1000184838,
1000184840,
1000184841,
1000184842,
1000184844,
1000184845,
1000184846,
1000184847,
1000184848,
1000184852,
1000184853,
1000184854,
1000184855,
1000184856,
1000184858,
1000184860,
1000184861,
1000184863,
1000184866,
1000184867,
1000184868,
1000184871,
1000184872,
1000184873,
1000184874,
1000184875,
1000184876,
1000184877,
1000184878,
1000184879,
1000184880,
1000184881,
1000184882,
1000184883,
1000184884,
1000184885,
1000184887,
1000184889,
1000184890,
1000184891,
1000184892,
1000184893,
1000184894,
1000184895,
1000184896,
1000184897,
1000184898,
1000184899,
1000184901,
1000184902,
1000184903,
1000184904,
1000184905,
1000184906,
1000184907,
1000184908,
1000184910,
1000184911,
1000184912,
1000184914,
1000184915,
1000184916,
1000184917,
1000184918,
1000184919,
1000184920,
1000184921,
1000184922,
1000184924,
1000184925,
1000184926,
1000184927,
1000184928,
1000184929,
1000184930,
1000184931,
1000184932,
1000184933,
1000184935,
1000184936,
1000184937,
1000184938,
1000184939,
1000184940,
1000184941,
1000184942,
1000184943,
1000184944,
1000184945,
1000184947,
1000184949,
1000184950,
1000184952,
1000184953,
1000184954,
1000184955,
1000184956,
1000184957,
1000184958,
1000184959,
1000184961,
1000184962,
1000184963,
1000184964,
1000184965,
1000184966,
1000184967,
1000184968,
1000184969,
1000184970,
1000184971,
1000184973,
1000184974,
1000184975,
1000184976,
1000184977,
1000184979,
1000184980,
1000184981,
1000184982,
1000184983,
1000184984,
1000184985,
1000184986,
1000184987,
1000184988,
1000184991,
1000184992,
1000184993,
1000184994,
1000184995,
1000184996,
1000184997,
1000184998,
1000184999,
1000185000,
1000185001,
1000185002,
1000185003,
1000185004,
1000185005,
1000185006,
1000185007,
1000185008,
1000185009,
1000185010,
1000185011,
1000185012,
1000185013,
1000185014,
1000185016,
1000185017,
1000185020,
1000185022,
1000185023,
1000185024,
1000185025,
1000185026,
1000185027,
1000185028,
1000185030,
1000185031,
1000185032,
1000185033,
1000185034,
1000185035,
1000185036,
1000185037,
1000185039,
1000185040,
1000185041,
1000185042,
1000185043,
1000185044,
1000185046,
1000185047,
1000185048,
1000185049,
1000185050,
1000185051,
1000185052,
1000185053,
1000185054,
1000185055,
1000185056,
1000185057,
1000185058,
1000185059,
1000185060,
1000185061,
1000185062,
1000185063,
1000185064,
1000185065,
1000185066,
1000185067,
1000185069,
1000185070,
1000185071,
1000185072,
1000185073,
1000185076,
1000185077,
1000185078,
1000185079,
1000185080,
1000185081,
1000185083,
1000185084,
1000185085,
1000185086,
1000185087,
1000185088,
1000185089,
1000185091,
1000185092,
1000185093,
1000185094,
1000185096,
1000185098,
1000185099,
1000185101,
1000185102,
1000185103,
1000185104,
1000185106,
1000185107,
1000185110,
1000185111,
1000185112,
1000185113,
1000185114,
1000185115,
1000185117,
1000185119,
1000185120,
1000185121,
1000185122,
1000185123,
1000185124,
1000185125,
1000185126,
1000185127,
1000185128,
1000185129,
1000185133,
1000185134,
1000185136,
1000185138,
1000185139,
1000185140,
1000185141,
1000185142,
1000185143,
1000185144,
1000185145,
1000185148,
1000185149,
1000185150,
1000185151,
1000185152,
1000185154,
1000185155,
1000185156,
1000185157,
1000185158,
1000185159,
1000185160,
1000185161,
1000185162,
1000185163,
1000185164,
1000185165,
1000185166,
1000185168,
1000185169,
1000185171,
1000185173,
1000185174,
1000185175,
1000185176,
1000185177,
1000185178,
1000185180,
1000185181,
1000185182,
1000185183,
1000185184,
1000185185,
1000185186,
1000185187,
1000185190,
1000185191,
1000185192,
1000185193,
1000185195,
1000185198,
1000185199,
1000185200,
1000185201,
1000185202,
1000185203,
1000185204,
1000185205,
1000185206,
1000185207,
1000185208,
1000185210,
1000185212,
1000185213,
1000185214,
1000185215,
1000185217,
1000185218,
1000185219,
1000185220,
1000185221,
1000185222,
1000185223,
1000185224,
1000185226,
1000185227,
1000185228,
1000185230,
1000185231,
1000185232,
1000185233,
1000185234,
1000185236,
1000185238,
1000185239,
1000185240,
1000185241,
1000185242,
1000185243,
1000185244,
1000185246,
1000185247,
1000185249,
1000185252,
1000185253,
1000185255,
1000185256,
1000185257,
1000185258,
1000185259,
1000185260,
1000185261,
1000185263,
1000185264,
1000185265,
1000185266,
1000185267,
1000185269,
1000185270,
1000185271,
1000185272,
1000185273,
1000185274,
1000185275,
1000185276,
1000185277,
1000185278,
1000185279,
1000185280,
1000185281,
1000185282,
1000185283,
1000185284,
1000185286,
1000185287,
1000185288,
1000185289,
1000185290,
1000185292,
1000185293,
1000185294,
1000185295,
1000185297,
1000185298,
1000185299,
1000185300,
1000185302,
1000185303,
1000185304,
1000185305,
1000185306,
1000185307,
1000185308,
1000185310,
1000185312,
1000185313,
1000185314,
1000185315,
1000185316,
1000185318,
1000185319,
1000185320,
1000185321,
1000185322,
1000185324,
1000185326,
1000185327,
1000185329,
1000185330,
1000185331,
1000185333,
1000185334,
1000185336,
1000185337,
1000185338,
1000185340,
1000185341,
1000185342,
1000185343,
1000185344,
1000185345,
1000185346,
1000185347,
1000185348,
1000185350,
1000185351,
1000185352,
1000185353,
1000185354,
1000185355,
1000185356,
1000185357,
1000185358,
1000185359,
1000185360,
1000185361,
1000185362,
1000185363,
1000185364,
1000185365,
1000185366,
1000185367,
1000185368,
1000185369,
1000185370,
1000185371,
1000185372,
1000185373,
1000185374,
1000185375,
1000185377,
1000185378,
1000185379,
1000185380,
1000185381,
1000185382,
1000185383,
1000185384,
1000185385,
1000185386,
1000185387,
1000185388,
1000185389,
1000185390,
1000185391,
1000185392,
1000185394,
1000185395,
1000185398,
1000185399,
1000185400,
1000185401,
1000185402,
1000185403,
1000185405,
1000185406,
1000185407,
1000185408,
1000185410,
1000185411,
1000185412,
1000185413,
1000185414,
1000185417,
1000185418,
1000185419,
1000185421,
1000185422,
1000185424,
1000185425,
1000185426,
1000185428,
1000185430,
1000185431,
1000185432,
1000185433,
1000185434,
1000185436,
1000185437,
1000185438,
1000185440,
1000185441,
1000185442,
1000185443,
1000185444,
1000185446,
1000185447,
1000185448,
1000185449,
1000185451,
1000185452,
1000185453,
1000185454,
1000185455,
1000185456,
1000185457,
1000185458,
1000185459,
1000185460,
1000185461,
1000185462,
1000185463,
1000185465,
1000185466,
1000185467,
1000185468,
1000185470,
1000185471,
1000185472,
1000185473,
1000185474,
1000185475,
1000185476,
1000185477,
1000185478,
1000185480,
1000185483,
1000185486,
1000185487,
1000185491,
1000185492,
1000185493,
1000185494,
1000185497,
1000185498,
1000185499,
1000185500,
1000185501,
1000185503,
1000185504,
1000185505,
1000185506,
1000185507,
1000185508,
1000185510,
1000185511,
1000185512,
1000185514,
1000185515,
1000185517,
1000185518,
1000185519,
1000185520,
1000185521,
1000185522,
1000185524,
1000185525,
1000185526,
1000185528,
1000185530,
1000185531,
1000185533,
1000185534,
1000185536,
1000185537,
1000185538,
1000185540,
1000185541,
1000185542,
1000185543,
1000185544,
1000185546,
1000185548,
1000185549,
1000185550,
1000185551,
1000185552,
1000185553,
1000185554,
1000185555,
1000185556,
1000185557,
1000185559,
1000185560,
1000185563,
1000185564,
1000185566,
1000185567,
1000185568,
1000185569,
1000185570,
1000185571,
1000185574,
1000185575,
1000185576,
1000185579,
1000185580,
1000185581,
1000185583,
1000185585,
1000185586,
1000185587,
1000185595,
1000185598,
1000185599,
1000185637,
1000185641,
1000185701,
1000185728,
1000185744,
1000185779,
1000185920,
1000185923,
1000186049,
1000186055,
1000186846,
1000187212,
1000188056,
1000188164,
1000192477,
1000192548,
1000192698,
1000192700,
1000193359,
1000193360,
1000193805,
1000193869,
1000194672,
1000195928,
1000195988,
1000196992,
1000197000,
1000197335,
1000197857,
1000198240,
1000198897,
1000199206,
1000200077,
1000202102,
1000202457,
1000204703,
